"instance","run","seed","repetitions","pool_size","iterations","patience","initial_patience","generated_best","ma_cetsp","final","lei_hao","improvement_vs_lei_hao_percent","seed_ms","ma_ms","socp_ms","ma_best_time","ma_total_time","ma_valid","final_valid"
"bonus1000.txt","1","123456789","10000","20","5000","500","1500","378.5509784127","377.4797223232","377.4797175054","384.365","1.7913396106825556","573632","760444","496","301.582837","760.3","true","true"
"bonus1000.txt","2","123456790","10000","20","5000","500","1500","379.2650400206","377.5626190864","377.5611757011","384.365","1.7701466832047654","616079","985256","411","493.785577","985.092","true","true"
"bonus1000.txt","3","123456791","10000","20","5000","500","1500","378.8702449249","377.165750178","377.1649929409","384.365","1.8732213024338888","701314","21764025","287","674.250088","21763.9","true","true"
"bonus1000.txt","4","123456792","10000","20","5000","500","1500","378.8702449249","377.5404757041","377.5404696198","384.365","1.7755337713371484","537514","491424","565","42.637603","491.312","true","true"
"bonus1000.txt","5","123456793","10000","20","5000","500","1500","379.0815285581","377.5147763466","377.5147763465","384.365","1.7822183740715192","542516","461426","505","28.223782","461.328","true","true"
"bonus1000.txt","6","123456794","10000","20","5000","500","1500","379.0481460333","377.0852653303","377.0852653303","384.365","1.893963984676029","592402","520195","452","73.949727","520.094","true","true"
"bonus1000.txt","7","123456795","10000","20","5000","500","1500","379.0252945632","377.8638756023","377.8638756015","384.365","1.6913934407399207","521243","1065047","463","628.082244","1064.89","true","true"
"bonus1000.txt","8","123456796","10000","20","5000","500","1500","378.8702449249","377.5681372189","377.5681372158","384.365","1.7683355103092153","568585","827243","532","387.200635","827.099","true","true"
"bonus1000.txt","9","123456797","10000","20","5000","500","1500","379.0252945632","378.2903724634","378.2894776632","384.365","1.5806648203660636","549320","804487","398","352.834839","804.342","true","true"
"bonus1000.txt","10","123456798","10000","20","5000","500","1500","379.2650400206","377.44854897","377.4485489693","384.365","1.7994487090916156","537145","907238","430","484.320303","907.086","true","true"
"bonus1000.txt","11","123456799","10000","20","5000","500","1500","379.0252945632","377.1283313439","377.1283313435","384.365","1.8827595271421698","542491","1054813","455","602.319014","1054.66","true","true"
"bonus1000.txt","12","123456800","10000","20","5000","500","1500","379.0252945632","376.8736833688","376.8736833664","384.365","1.9490111309822788","537239","2134596","474","1658.535591","2134.36","true","true"
"bonus1000.txt","13","123456801","10000","20","5000","500","1500","379.0252945632","377.376061638","377.3760616376","384.365","1.8183076925318398","550982","1249454","513","795.512016","1249.27","true","true"
"bonus1000.txt","14","123456802","10000","20","5000","500","1500","379.0815285581","377.0605036755","377.060503669","384.365","1.9004062105030364","555833","917206","512","473.968806","917.054","true","true"
"bonus1000.txt","15","123456803","10000","20","5000","500","1500","379.0252945632","377.575345701","377.46309602","384.365","1.795664012071855","554771","722603","335","259.842407","722.471","true","true"
"bonus1000.txt","16","123456804","10000","20","5000","500","1500","379.0252945632","377.4226775629","377.4226775624","384.365","1.8061796567325359","551756","908420","2300","463.554351","908.254","true","true"
"bonus1000.txt","17","123456805","10000","20","5000","500","1500","379.0815285581","376.8154290068","376.8154290066","384.365","1.9641671310863325","569280","775455","459","306.251996","775.312","true","true"
"bonus1000.txt","18","123456806","10000","20","5000","500","1500","378.8702449249","377.0349957894","377.0313829491","384.365","1.9079825298609365","543523","510885","375","82.844686","510.787","true","true"
"bonus1000.txt","19","123456807","10000","20","5000","500","1500","379.0252945632","376.6678471738","376.6677889355","384.365","2.002578555409567","510226","1285766","452","856.109497","1285.58","true","true"
"bonus1000.txt","20","123456808","10000","20","5000","500","1500","378.8702449249","377.3795493095","377.3782432571","384.365","1.8177401019603796","506465","1232414","414","798.982818","1232.25","true","true"
"bonus1000rdmRad.txt","1","123456789","1000","20","5000","500","1500","936.7854929044","921.0617275197","921.0617275195","917.61","-0.3761649850699064","49932","1402652","2070","1206.391665","1402.37","true","true"
"bonus1000rdmRad.txt","2","123456790","1000","20","5000","500","1500","936.7854929044","919.8755293144","919.8755293144","917.61","-0.2468945755168254","48900","1481689","2149","1276.065098","1481.41","true","true"
"bonus1000rdmRad.txt","3","123456791","1000","20","5000","500","1500","936.7854929044","920.2746552152","920.2746552146","917.61","-0.29039082122034143","61787","765451","2374","391.990433","765.263","true","true"
"bonus1000rdmRad.txt","4","123456792","1000","20","5000","500","1500","936.7854929044","922.6463133733","922.6463133733","917.61","-0.5488511865934333","43184","758152","2011","575.692491","757.974","true","true"
"bonus1000rdmRad.txt","5","123456793","1000","20","5000","500","1500","936.7854929044","919.7145816377","919.7145816377","917.61","-0.22935469727879967","44692","656304","2001","465.212453","656.153","true","true"
"bonus1000rdmRad.txt","6","123456794","1000","20","5000","500","1500","936.7854929044","920.9592833849","920.9592833849","917.61","-0.365000750307864","44651","401174","2664","221.329632","401.056","true","true"
"bonus1000rdmRad.txt","7","123456795","1000","20","5000","500","1500","936.7854929044","917.0565563969","917.0565563963","917.61","0.06031359768310884","42574","511854","1865","334.629658","511.712","true","true"
"bonus1000rdmRad.txt","8","123456796","1000","20","5000","500","1500","936.7854929044","916.8949652101","916.8949652095","917.61","0.07792360485391386","42433","1159993","2049","972.898162","1159.75","true","true"
"bonus1000rdmRad.txt","9","123456797","1000","20","5000","500","1500","936.7854929044","917.6785824255","917.6785824255","917.61","-0.007474027691507262","43590","818952","1953","635.431449","818.762","true","true"
"bonus1000rdmRad.txt","10","123456798","1000","20","5000","500","1500","936.7854929044","917.670583223","917.6705832228","917.61","-0.006602284499951546","43171","930644","2167","737.234304","930.444","true","true"
"bonus1000rdmRad.txt","11","123456799","1000","20","5000","500","1500","936.7854929044","918.9245073952","918.924507395","917.61","-0.14325338597007053","44280","1154468","1903","969.940867","1154.23","true","true"
"bonus1000rdmRad.txt","12","123456800","1000","20","5000","500","1500","936.7854929044","918.4432656735","918.4432656733","917.61","-0.09080825985984611","43598","1212580","1754","1026.913581","1212.34","true","true"
"bonus1000rdmRad.txt","13","123456801","1000","20","5000","500","1500","936.7854929044","917.7267132688","917.7267132687","917.61","-0.012719267303100676","44714","909509","1913","712.033784","909.317","true","true"
"bonus1000rdmRad.txt","14","123456802","1000","20","5000","500","1500","936.7854929044","918.9354777982","918.9354777977","917.61","-0.14444892685344887","45282","862172","1820","661.565123","861.978","true","true"
"bonus1000rdmRad.txt","15","123456803","1000","20","5000","500","1500","936.7854929044","920.3812527423","920.3812515","917.61","-0.30200755222806513","44601","1060288","2748","863.056438","1060.06","true","true"
"bonus1000rdmRad.txt","16","123456804","1000","20","5000","500","1500","936.7854929044","917.7768959774","917.7768959774","917.61","-0.01818811667266392","44510","1036376","2188","844.01931","1036.15","true","true"
"bonus1000rdmRad.txt","17","123456805","1000","20","5000","500","1500","936.7854929044","916.8484396093","916.8484396076","917.61","0.08299390725907983","44717","1357000","2102","1146.432904","1356.73","true","true"
"bonus1000rdmRad.txt","18","123456806","1000","20","5000","500","1500","936.7854929044","921.6816306945","921.6816306942","917.61","-0.4437212643933631","45384","1038946","1676","860.468518","1038.73","true","true"
"bonus1000rdmRad.txt","19","123456807","1000","20","5000","500","1500","936.7854929044","918.154344292","918.1543442913","917.61","-0.05932196590054983","41257","668269","1903","490.7921","668.107","true","true"
"bonus1000rdmRad.txt","20","123456808","1000","20","5000","500","1500","936.7854929044","917.7770861582","917.7770861582","917.61","-0.01820884234042089","40690","828786","2742","640.484857","828.591","true","true"
"bubbles1.txt","1","123456789","1000","20","5000","500","1500","349.3100214715","349.1348891707","349.1348891707","349.135","3.174396723701087E-05","2349","49261","77","1.444725","49.1825","true","true"
"bubbles1.txt","2","123456790","1000","20","5000","500","1500","349.3100214715","349.1348891707","349.1348891707","349.135","3.174396723701087E-05","2480","52059","80","1.49299","51.9823","true","true"
"bubbles1.txt","3","123456791","1000","20","5000","500","1500","349.3100214715","349.1348891707","349.1348891707","349.135","3.174396723701087E-05","3202","78119","125","2.595035","77.9933","true","true"
"bubbles1.txt","4","123456792","1000","20","5000","500","1500","349.3100214715","349.1348891707","349.1348891707","349.135","3.174396723701087E-05","2251","48184","84","1.507468","48.116","true","true"
"bubbles1.txt","5","123456793","1000","20","5000","500","1500","349.3500405138","349.1348891707","349.1348891707","349.135","3.174396723701087E-05","2331","47370","67","1.457735","47.3053","true","true"
"bubbles1.txt","6","123456794","1000","20","5000","500","1500","349.3100214715","349.1348891707","349.1348891707","349.135","3.174396723701087E-05","2275","47127","82","1.547421","47.0669","true","true"
"bubbles1.txt","7","123456795","1000","20","5000","500","1500","349.3994808921","349.1348891707","349.1348891707","349.135","3.174396723701087E-05","2228","48697","74","1.444926","48.631","true","true"
"bubbles1.txt","8","123456796","1000","20","5000","500","1500","349.3100214715","349.1348891708","349.1348891708","349.135","3.1743938582073035E-05","2180","46497","80","1.410693","46.4326","true","true"
"bubbles1.txt","9","123456797","1000","20","5000","500","1500","349.3994808921","349.1348891707","349.1348891707","349.135","3.174396723701087E-05","2236","47142","77","1.66046","47.0826","true","true"
"bubbles1.txt","10","123456798","1000","20","5000","500","1500","349.3100214715","349.1348891707","349.1348891707","349.135","3.174396723701087E-05","2243","48067","83","1.508346","48.005","true","true"
"bubbles1.txt","11","123456799","1000","20","5000","500","1500","349.3994808921","349.1348891707","349.1348891707","349.135","3.174396723701087E-05","2362","47781","74","1.445284","47.7098","true","true"
"bubbles1.txt","12","123456800","1000","20","5000","500","1500","349.3994808921","349.1348891708","349.1348891708","349.135","3.1743938582073035E-05","2253","48833","67","1.521709","48.7637","true","true"
"bubbles1.txt","13","123456801","1000","20","5000","500","1500","349.3994808921","349.1348891707","349.1348891707","349.135","3.174396723701087E-05","2356","52532","83","1.543503","52.4581","true","true"
"bubbles1.txt","14","123456802","1000","20","5000","500","1500","349.3500405138","349.1348891708","349.1348891708","349.135","3.1743938582073035E-05","2315","51259","73","1.660716","51.1909","true","true"
"bubbles1.txt","15","123456803","1000","20","5000","500","1500","349.3994808921","349.1348891708","349.1348891708","349.135","3.1743938582073035E-05","2339","50355","90","1.694027","50.288","true","true"
"bubbles1.txt","16","123456804","1000","20","5000","500","1500","349.3994808921","349.1348891707","349.1348891707","349.135","3.174396723701087E-05","2299","49458","72","1.823003","49.3875","true","true"
"bubbles1.txt","17","123456805","1000","20","5000","500","1500","349.3500405138","349.1348891708","349.1348891708","349.135","3.1743938582073035E-05","2316","49039","74","1.771583","48.968","true","true"
"bubbles1.txt","18","123456806","1000","20","5000","500","1500","349.3100214715","349.1348891707","349.1348891707","349.135","3.174396723701087E-05","2247","47460","66","1.617104","47.3919","true","true"
"bubbles1.txt","19","123456807","1000","20","5000","500","1500","349.3994808921","349.1348891707","349.1348891707","349.135","3.174396723701087E-05","2121","46481","78","1.560391","46.4217","true","true"
"bubbles1.txt","20","123456808","1000","20","5000","500","1500","349.3100214715","349.1348891708","349.1348891708","349.135","3.1743938582073035E-05","2116","46217","67","1.677283","46.1509","true","true"
"bubbles2.txt","1","123456789","1000","20","5000","500","1500","428.5000950682","428.2792562811","428.2792562811","428.279","-5.983975399389817E-05","4508","66737","85","1.649619","66.6609","true","true"
"bubbles2.txt","2","123456790","1000","20","5000","500","1500","428.4214275559","428.2792562811","428.2792562811","428.279","-5.983975399389817E-05","4512","73471","118","1.780333","73.3794","true","true"
"bubbles2.txt","3","123456791","1000","20","5000","500","1500","428.5139262266","428.2792562811","428.2792562811","428.279","-5.983975399389817E-05","5752","97475","133","2.446131","97.3755","true","true"
"bubbles2.txt","4","123456792","1000","20","5000","500","1500","428.5139262266","428.279256281","428.279256281","428.279","-5.9839730647534284E-05","4162","66022","94","1.751876","65.9583","true","true"
"bubbles2.txt","5","123456793","1000","20","5000","500","1500","428.5436265672","428.2792562812","428.2792562812","428.279","-5.983977734026205E-05","4230","63402","102","1.79778","63.3358","true","true"
"bubbles2.txt","6","123456794","1000","20","5000","500","1500","428.4214275559","428.279256281","428.279256281","428.279","-5.9839730647534284E-05","4199","65255","89","1.795902","65.1891","true","true"
"bubbles2.txt","7","123456795","1000","20","5000","500","1500","428.4081618699","428.2792562811","428.2792562811","428.279","-5.983975399389817E-05","4134","65074","260","1.633571","65.0066","true","true"
"bubbles2.txt","8","123456796","1000","20","5000","500","1500","428.5139262266","428.2792562811","428.2792562811","428.279","-5.983975399389817E-05","4008","63119","105","1.635136","63.0564","true","true"
"bubbles2.txt","9","123456797","1000","20","5000","500","1500","428.4081618699","428.2792562812","428.2792562812","428.279","-5.983977734026205E-05","4115","62939","96","1.536307","62.8729","true","true"
"bubbles2.txt","10","123456798","1000","20","5000","500","1500","428.4214275559","428.2792562811","428.2792562811","428.279","-5.983975399389817E-05","4186","63892","107","1.629691","63.8304","true","true"
"bubbles2.txt","11","123456799","1000","20","5000","500","1500","428.4081618699","428.2792562811","428.2792562811","428.279","-5.983975399389817E-05","4194","64175","94","1.514402","64.1104","true","true"
"bubbles2.txt","12","123456800","1000","20","5000","500","1500","428.4081618699","428.2792562811","428.2792562811","428.279","-5.983975399389817E-05","4175","64650","81","1.514426","64.5877","true","true"
"bubbles2.txt","13","123456801","1000","20","5000","500","1500","428.4081618699","428.279256281","428.279256281","428.279","-5.9839730647534284E-05","4402","68511","83","1.707098","68.4326","true","true"
"bubbles2.txt","14","123456802","1000","20","5000","500","1500","428.5436265672","428.2792562811","428.2792562811","428.279","-5.983975399389817E-05","4412","67988","92","1.784271","67.9132","true","true"
"bubbles2.txt","15","123456803","1000","20","5000","500","1500","428.4081618699","428.2792562811","428.2792562811","428.279","-5.983975399389817E-05","4306","65567","89","1.703744","65.5","true","true"
"bubbles2.txt","16","123456804","1000","20","5000","500","1500","428.4081618699","428.2792562811","428.2792562811","428.279","-5.983975399389817E-05","4305","66280","87","2.361199","66.2162","true","true"
"bubbles2.txt","17","123456805","1000","20","5000","500","1500","428.5436265672","428.2792562811","428.2792562811","428.279","-5.983975399389817E-05","4313","67600","82","2.276508","67.5372","true","true"
"bubbles2.txt","18","123456806","1000","20","5000","500","1500","428.5139262266","428.2792562811","428.2792562811","428.279","-5.983975399389817E-05","4095","63591","88","1.5705","63.5204","true","true"
"bubbles2.txt","19","123456807","1000","20","5000","500","1500","428.4081618699","428.2792562811","428.2792562811","428.279","-5.983975399389817E-05","4004","60844","90","1.58356","60.7715","true","true"
"bubbles2.txt","20","123456808","1000","20","5000","500","1500","428.5139262266","428.2792562811","428.2792562811","428.279","-5.983975399389817E-05","3946","63133","78","2.808216","63.0668","true","true"
"bubbles3.txt","1","123456789","1000","20","5000","500","1500","531.4460123614","529.9638935821","529.963893577","529.955","-0.001678175882854341","8705","138308","123","41.438622","138.222","true","true"
"bubbles3.txt","2","123456790","1000","20","5000","500","1500","531.3469512391","529.9613093639","529.9613093603","529.955","-0.0011905464237438178","8692","148334","129","44.717776","148.221","true","true"
"bubbles3.txt","3","123456791","1000","20","5000","500","1500","531.6789901738","529.9593402791","529.9593402748","529.955","-0.0008189893103971615","10865","132044","164","2.803988","131.95","true","true"
"bubbles3.txt","4","123456792","1000","20","5000","500","1500","531.6789901738","529.9657282813","529.9657282287","529.955","-0.00202436597445405","7821","96358","135","3.159255","96.2914","true","true"
"bubbles3.txt","5","123456793","1000","20","5000","500","1500","531.503751927","529.9580795058","529.9580794804","529.955","-0.0005810833749935348","7937","121616","149","28.374007","121.543","true","true"
"bubbles3.txt","6","123456794","1000","20","5000","500","1500","531.3469512391","530.1714525568","530.171452555","529.955","-0.04084357256746941","7859","96698","106","2.415275","96.6343","true","true"
"bubbles3.txt","7","123456795","1000","20","5000","500","1500","531.4306643047","529.9547584089","529.9547583644","529.955","4.559549395538134E-05","7861","163826","129","71.246428","163.745","true","true"
"bubbles3.txt","8","123456796","1000","20","5000","500","1500","531.6789901738","529.9638932918","529.9638932778","529.955","-0.0016781194252312721","7560","94022","143","2.357062","93.9582","true","true"
"bubbles3.txt","9","123456797","1000","20","5000","500","1500","531.4306643047","529.9564282466","529.9564282213","529.955","-0.0002694985989355253","7824","116388","117","22.842151","116.318","true","true"
"bubbles3.txt","10","123456798","1000","20","5000","500","1500","531.3469512391","529.9548047509","529.9548047507","529.955","3.6842618727475685E-05","7833","97670","191","6.032794","97.6048","true","true"
"bubbles3.txt","11","123456799","1000","20","5000","500","1500","531.4306643047","529.9628434181","529.9628433647","529.955","-0.0014800057929381936","7894","98145","122","3.710614","98.078","true","true"
"bubbles3.txt","12","123456800","1000","20","5000","500","1500","531.4306643047","529.9609897407","529.9609897406","529.955","-0.0011302356992468447","7898","163213","189","71.878888","163.134","true","true"
"bubbles3.txt","13","123456801","1000","20","5000","500","1500","531.4306643047","530.2739484553","530.2739484458","529.955","-0.060184062005254585","8251","98511","112","1.92276","98.4427","true","true"
"bubbles3.txt","14","123456802","1000","20","5000","500","1500","531.503751927","530.0038151102","530.0024236145","529.955","-0.008948611580221384","8204","97148","112","1.979635","97.0798","true","true"
"bubbles3.txt","15","123456803","1000","20","5000","500","1500","531.4306643047","529.9561832211","529.9561832148","529.955","-0.0002232670321053576","8101","99756","101","4.585559","99.6882","true","true"
"bubbles3.txt","16","123456804","1000","20","5000","500","1500","531.4306643047","529.9561367442","529.9561367398","529.955","-0.00021449741957407846","8435","98354","134","3.822272","98.286","true","true"
"bubbles3.txt","17","123456805","1000","20","5000","500","1500","531.503751927","530.0874031821","530.047878549","529.955","-0.017525742563032708","8129","116122","123","22.213235","116.048","true","true"
"bubbles3.txt","18","123456806","1000","20","5000","500","1500","531.6789901738","529.9564098413","529.9564098239","529.955","-0.00026602709663315716","7710","90911","136","3.731862","90.8346","true","true"
"bubbles3.txt","19","123456807","1000","20","5000","500","1500","531.4306643047","529.9563630203","529.9563630116","529.955","-0.000257193837213697","7447","145370","120","55.286842","145.29","true","true"
"bubbles3.txt","20","123456808","1000","20","5000","500","1500","531.6789901738","529.9612160555","529.9612160517","529.955","-0.0011729395326006624","7460","168789","125","81.153485","168.705","true","true"
"bubbles4.txt","1","123456789","1000","20","5000","500","1500","810.1842643148","806.5143280682","806.5143280656","802.974","-0.440901955181608","15403","349417","208","229.180454","349.283","true","true"
"bubbles4.txt","2","123456790","1000","20","5000","500","1500","810.3436451526","810.3436451526","810.1715242056","802.974","-0.8963583136689309","15217","407908","173","1.695159","407.744","true","true"
"bubbles4.txt","3","123456791","1000","20","5000","500","1500","810.7631801003","810.7631801003","810.7631801003","802.974","-0.9700413836936155","19618","569707","218","1.917663","569.589","true","true"
"bubbles4.txt","4","123456792","1000","20","5000","500","1500","809.4803412038","805.1761878859","805.1693697404","802.974","-0.27340483507560603","13758","296175","137","183.043382","296.049","true","true"
"bubbles4.txt","5","123456793","1000","20","5000","500","1500","810.6612866696","804.7206722559","804.7206722406","802.974","-0.21752537947679396","13819","195240","186","78.545974","195.155","true","true"
"bubbles4.txt","6","123456794","1000","20","5000","500","1500","810.3436451526","809.5056252038","809.4963295812","802.974","-0.8122715780585652","13740","183061","166","69.553891","182.976","true","true"
"bubbles4.txt","7","123456795","1000","20","5000","500","1500","809.2792082427","807.2232682249","807.2232682238","802.974","-0.5291912594679228","13651","124300","140","10.672053","124.233","true","true"
"bubbles4.txt","8","123456796","1000","20","5000","500","1500","810.7631801003","805.2970593989","805.2970593962","802.974","-0.289306926027485","13461","281517","155","174.971999","281.401","true","true"
"bubbles4.txt","9","123456797","1000","20","5000","500","1500","809.2792082427","809.2792082427","809.1734921443","802.974","-0.7720663613392137","13636","339479","185","1.612721","339.351","true","true"
"bubbles4.txt","10","123456798","1000","20","5000","500","1500","810.3436451526","808.6278682359","808.468468392","802.974","-0.6842647946259692","13827","220222","162","107.787002","220.125","true","true"
"bubbles4.txt","11","123456799","1000","20","5000","500","1500","809.2792082427","807.7382279864","807.7382278718","802.974","-0.5933228064420396","13856","256857","141","144.403992","256.752","true","true"
"bubbles4.txt","12","123456800","1000","20","5000","500","1500","809.2792082427","809.2792082427","809.1734921443","802.974","-0.7720663613392137","13693","343473","181","1.739072","343.345","true","true"
"bubbles4.txt","13","123456801","1000","20","5000","500","1500","809.2792082427","809.2792082427","809.1734921443","802.974","-0.7720663613392137","14304","355377","190","1.709443","355.239","true","true"
"bubbles4.txt","14","123456802","1000","20","5000","500","1500","810.6612866696","804.8307283223","804.830728322","802.974","-0.23123143738153173","14189","421202","147","311.379137","421.062","true","true"
"bubbles4.txt","15","123456803","1000","20","5000","500","1500","809.2792082427","806.7936053804","806.7936053799","802.974","-0.47568232345006684","14268","173130","164","54.344061","173.051","true","true"
"bubbles4.txt","16","123456804","1000","20","5000","500","1500","809.2792082427","809.2792082427","809.1734921443","802.974","-0.7720663613392137","14799","360558","184","1.87413","360.43","true","true"
"bubbles4.txt","17","123456805","1000","20","5000","500","1500","810.6612866696","805.4922371745","805.4922371714","802.974","-0.3136137871711861","14197","121651","177","4.822388","121.583","true","true"
"bubbles4.txt","18","123456806","1000","20","5000","500","1500","810.7631801003","809.098926374","808.1403617069","802.974","-0.6434033613666096","13854","121420","134","14.373984","121.354","true","true"
"bubbles4.txt","19","123456807","1000","20","5000","500","1500","809.2792082427","809.2792082427","809.1734921443","802.974","-0.7720663613392137","13597","328714","180","1.674451","328.577","true","true"
"bubbles4.txt","20","123456808","1000","20","5000","500","1500","810.7631801003","808.4777004836","807.2127971484","802.974","-0.527887222799238","12938","508210","198","398.056441","508.057","true","true"
"bubbles5.txt","1","123456789","1000","20","5000","500","1500","1063.3410946534","1040.8043255112","1040.8043254466","1035.32","-0.5297227375690604","22027","595240","193","430.474871","595.083","true","true"
"bubbles5.txt","2","123456790","1000","20","5000","500","1500","1061.3106341653","1036.477672315","1036.4776722864","1035.32","-0.11181782312716423","23221","702968","247","519.287664","702.782","true","true"
"bubbles5.txt","3","123456791","1000","20","5000","500","1500","1057.6202958514","1040.3760037123","1040.374471662","1035.32","-0.4882038077116224","25121","873094","155","711.429522","872.928","true","true"
"bubbles5.txt","4","123456792","1000","20","5000","500","1500","1057.6202958514","1038.9545169826","1038.6300895125","1035.32","-0.3197165622706119","19658","563293","153","413.411418","563.136","true","true"
"bubbles5.txt","5","123456793","1000","20","5000","500","1500","1065.9615139296","1037.8145358578","1037.6010850903","1035.32","-0.220326574421451","20433","452675","334","291.031951","452.545","true","true"
"bubbles5.txt","6","123456794","1000","20","5000","500","1500","1061.3106341653","1037.2120493716","1037.0548615886","1035.32","-0.16756766879806217","19679","470537","226","318.258127","470.402","true","true"
"bubbles5.txt","7","123456795","1000","20","5000","500","1500","1061.8589274945","1039.3786500137","1039.3786499642","1035.32","-0.3920188892516283","19416","445791","198","295.251443","445.66","true","true"
"bubbles5.txt","8","123456796","1000","20","5000","500","1500","1057.6202958514","1038.4954347173","1038.495434662","1035.32","-0.30671045300004285","19121","566538","217","413.669749","566.391","true","true"
"bubbles5.txt","9","123456797","1000","20","5000","500","1500","1061.8589274945","1039.9339095949","1039.7624850767","1035.32","-0.4290929448576281","19453","437678","223","278.876696","437.549","true","true"
"bubbles5.txt","10","123456798","1000","20","5000","500","1500","1061.3106341653","1038.9319465269","1038.6428694547","1035.32","-0.3209509576459587","19620","436500","237","286.587582","436.369","true","true"
"bubbles5.txt","11","123456799","1000","20","5000","500","1500","1061.8589274945","1036.1634375063","1036.1634374979","1035.32","-0.08146635802458568","19453","852667","304","695.903205","852.448","true","true"
"bubbles5.txt","12","123456800","1000","20","5000","500","1500","1061.8589274945","1044.8752508584","1044.8752508157","1035.32","-0.9229272896978705","20388","272163","195","121.882113","272.079","true","true"
"bubbles5.txt","13","123456801","1000","20","5000","500","1500","1061.8589274945","1038.7241898809","1038.7241898793","1035.32","-0.3288055750202855","20677","607694","286","446.650731","607.52","true","true"
"bubbles5.txt","14","123456802","1000","20","5000","500","1500","1065.9615139296","1036.7838432149","1036.6107609426","1035.32","-0.1246726560483882","20348","450169","218","291.556685","450.034","true","true"
"bubbles5.txt","15","123456803","1000","20","5000","500","1500","1061.8589274945","1035.8843007364","1035.8843007288","1035.32","-0.054504957771525975","20324","642800","250","477.880156","642.64","true","true"
"bubbles5.txt","16","123456804","1000","20","5000","500","1500","1061.8589274945","1040.3366870111","1040.3276750085","1035.32","-0.48368378940810314","20279","393755","265","237.0986","393.626","true","true"
"bubbles5.txt","17","123456805","1000","20","5000","500","1500","1065.9615139296","1036.1738198468","1036.1727745466","1035.32","-0.08236820950045692","19986","807188","195","648.686252","806.974","true","true"
"bubbles5.txt","18","123456806","1000","20","5000","500","1500","1057.6202958514","1041.0717018866","1040.8186612706","1035.32","-0.5311074132248963","18790","399366","166","251.782802","399.246","true","true"
"bubbles5.txt","19","123456807","1000","20","5000","500","1500","1061.8589274945","1042.2154927166","1042.180015982","1035.32","-0.6625986151141725","18483","354926","161","205.635247","354.813","true","true"
"bubbles5.txt","20","123456808","1000","20","5000","500","1500","1057.6202958514","1036.2592808991","1036.2359262485","1035.32","-0.0884679373044083","18335","504602","170","350.981316","504.461","true","true"
"bubbles6.txt","1","123456789","1000","20","5000","500","1500","1298.8207759676","1228.9353730681","1228.8261712252","1220.07","-0.7176777746522722","36672","965223","221","746.11683","965.046","true","true"
"bubbles6.txt","2","123456790","1000","20","5000","500","1500","1292.5215918101","1235.652469479","1235.6524694763","1220.07","-1.2771783156950052","38442","781090","274","544.213759","780.904","true","true"
"bubbles6.txt","3","123456791","1000","20","5000","500","1500","1294.73683814","1230.4989316908","1230.4010797394","1220.07","-0.8467612300441891","34622","847871","220","632.925842","847.726","true","true"
"bubbles6.txt","4","123456792","1000","20","5000","500","1500","1294.73683814","1228.9132082585","1228.9132081582","1220.07","-0.7248115401739256","32318","761744","260","555.595104","761.581","true","true"
"bubbles6.txt","5","123456793","1000","20","5000","500","1500","1296.690592424","1230.1527052802","1229.9262547301","1220.07","-0.8078433803060555","32419","729861","207","515.622998","729.7","true","true"
"bubbles6.txt","6","123456794","1000","20","5000","500","1500","1292.5215918101","1230.7499695524","1230.5758932385","1220.07","-0.8610893832730904","32759","625316","357","423.359894","625.17","true","true"
"bubbles6.txt","7","123456795","1000","20","5000","500","1500","1300.964596975","1231.5459614851","1231.3700083258","1220.07","-0.926177049333238","31655","568002","256","370.068556","567.866","true","true"
"bubbles6.txt","8","123456796","1000","20","5000","500","1500","1294.73683814","1230.7863462283","1230.6310735956","1220.07","-0.8656121038628902","31207","609931","219","418.217763","609.789","true","true"
"bubbles6.txt","9","123456797","1000","20","5000","500","1500","1300.964596975","1231.1452254803","1231.1452254643","1220.07","-0.9077532817215445","32147","780497","226","573.250605","780.34","true","true"
"bubbles6.txt","10","123456798","1000","20","5000","500","1500","1292.5215918101","1221.7761588421","1221.7761587474","1220.07","-0.13984105398870295","32083","765499","283","562.862422","765.339","true","true"
"bubbles6.txt","11","123456799","1000","20","5000","500","1500","1300.964596975","1223.1720439987","1222.8666325202","1220.07","-0.22921902187580154","32335","555637","266","357.522368","555.507","true","true"
"bubbles6.txt","12","123456800","1000","20","5000","500","1500","1300.964596975","1224.2025273634","1224.0291404365","1220.07","-0.3245010889949013","32169","969568","430","764.214204","969.378","true","true"
"bubbles6.txt","13","123456801","1000","20","5000","500","1500","1300.964596975","1229.5935691852","1229.5922225782","1220.07","-0.7804652665994715","33256","1155079","252","930.420724","1154.85","true","true"
"bubbles6.txt","14","123456802","1000","20","5000","500","1500","1296.690592424","1221.5653439336","1221.5653439128","1220.07","-0.12256214092634693","33258","802161","253","596.559593","801.995","true","true"
"bubbles6.txt","15","123456803","1000","20","5000","500","1500","1300.964596975","1231.2371747659","1231.2295856346","1220.07","-0.9146676530526966","33747","731090","217","518.616639","730.929","true","true"
"bubbles6.txt","16","123456804","1000","20","5000","500","1500","1300.964596975","1229.8716903867","1229.8716902784","1220.07","-0.8033711408689644","33284","1365487","185","1152.260711","1365.22","true","true"
"bubbles6.txt","17","123456805","1000","20","5000","500","1500","1296.690592424","1233.8187308823","1233.359696872","1220.07","-1.0892569173899982","33272","627464","266","412.09099","627.321","true","true"
"bubbles6.txt","18","123456806","1000","20","5000","500","1500","1294.73683814","1229.9727223611","1229.9711917544","1220.07","-0.8115265316252419","30679","764776","235","571.771014","764.625","true","true"
"bubbles6.txt","19","123456807","1000","20","5000","500","1500","1300.964596975","1226.9007605336","1226.7707515031","1220.07","-0.5492104144106515","30420","650861","273","451.241774","650.728","true","true"
"bubbles6.txt","20","123456808","1000","20","5000","500","1500","1294.73683814","1233.4726258601","1232.8261449199","1220.07","-1.0455256599949145","30247","603415","225","410.361222","603.28","true","true"
"bubbles7.txt","1","123456789","1000","20","5000","500","1500","1649.7086754068","1649.7086754068","1649.4120194836","1575.04","-4.721913061484157","44290","863026","309","2.50579","862.875","true","true"
"bubbles7.txt","2","123456790","1000","20","5000","500","1500","1642.7407586328","1642.7407586328","1641.9674448961","1575.04","-4.249253663151415","48398","934390","378","2.838251","934.233","true","true"
"bubbles7.txt","3","123456791","1000","20","5000","500","1500","1636.0494540343","1636.0494540343","1635.1141785034","1575.04","-3.814136688807899","220650","856272","20627384","2.781148","856.126","true","true"
"bubbles7.txt","4","123456792","1000","20","5000","500","1500","1636.0494540343","1636.0494540343","1635.1141785034","1575.04","-3.814136688807899","38573","829121","294","2.626387","828.97","true","true"
"bubbles7.txt","5","123456793","1000","20","5000","500","1500","1644.9566349452","1644.3398056675","1644.3398056675","1575.04","-4.399875918548107","38792","838000","303","2.602456","837.854","true","true"
"bubbles7.txt","6","123456794","1000","20","5000","500","1500","1644.9566349452","1644.3398056675","1644.3398056675","1575.04","-4.399875918548107","38899","831527","315","2.521364","831.38","true","true"
"bubbles7.txt","7","123456795","1000","20","5000","500","1500","1637.2496680682","1637.2496680682","1636.5958585142","1575.04","-3.9082092209848676","37934","782264","263","2.563524","782.124","true","true"
"bubbles7.txt","8","123456796","1000","20","5000","500","1500","1636.0494540343","1636.0494540343","1635.1141785034","1575.04","-3.814136688807899","36790","794890","288","2.478596","794.748","true","true"
"bubbles7.txt","9","123456797","1000","20","5000","500","1500","1637.2496680682","1637.2496680682","1636.5958585142","1575.04","-3.9082092209848676","37955","810553","264","2.650511","810.407","true","true"
"bubbles7.txt","10","123456798","1000","20","5000","500","1500","1644.9566349452","1644.3398056675","1644.3398056675","1575.04","-4.399875918548107","38392","817253","311","2.466248","817.11","true","true"
"bubbles7.txt","11","123456799","1000","20","5000","500","1500","1637.2496680682","1637.2496680682","1636.5958585142","1575.04","-3.9082092209848676","38969","822185","280","2.842989","822.041","true","true"
"bubbles7.txt","12","123456800","1000","20","5000","500","1500","1637.2496680682","1637.1743487492","1637.0054920929","1575.04","-3.9342170416560944","38343","653785","280","396.058087","653.654","true","true"
"bubbles7.txt","13","123456801","1000","20","5000","500","1500","1637.2496680682","1637.2496680682","1636.5958585142","1575.04","-3.9082092209848676","39678","855195","283","2.81029","855.042","true","true"
"bubbles7.txt","14","123456802","1000","20","5000","500","1500","1645.474635024","1645.474635024","1644.9748816948","1575.04","-4.440197181963631","40131","880069","288","2.895636","879.903","true","true"
"bubbles7.txt","15","123456803","1000","20","5000","500","1500","1637.2496680682","1624.3737234219","1623.8890801667","1575.04","-3.101450132485531","40055","1066220","346","782.224645","1066.05","true","true"
"bubbles7.txt","16","123456804","1000","20","5000","500","1500","1637.2496680682","1637.2496680682","1636.5958585142","1575.04","-3.9082092209848676","39495","835378","274","2.678537","835.232","true","true"
"bubbles7.txt","17","123456805","1000","20","5000","500","1500","1645.474635024","1645.474635024","1644.9748816948","1575.04","-4.440197181963631","39914","841438","286","2.825456","841.296","true","true"
"bubbles7.txt","18","123456806","1000","20","5000","500","1500","1636.0494540343","1636.0494540343","1635.1141785034","1575.04","-3.814136688807899","35914","762902","269","2.694738","762.769","true","true"
"bubbles7.txt","19","123456807","1000","20","5000","500","1500","1637.2496680682","1637.2496680682","1636.5958585142","1575.04","-3.9082092209848676","36278","778537","259","2.557072","778.39","true","true"
"bubbles7.txt","20","123456808","1000","20","5000","500","1500","1637.2496680682","1637.2496680682","1636.5958585142","1575.04","-3.9082092209848676","36761","778630","260","2.580253","778.419","true","true"
"bubbles8.txt","1","123456789","1000","20","5000","500","1500","1990.2819125246","1987.7990849244","1987.6812735436","1881.93","-5.619298993246286","51848","1122764","338","3.865986","1122.6","true","true"
"bubbles8.txt","2","123456790","1000","20","5000","500","1500","1988.3514624551","1988.3514624551","1987.1984446609","1881.93","-5.593642944259342","56802","1118981","377","5.227418","1118.82","true","true"
"bubbles8.txt","3","123456791","1000","20","5000","500","1500","1991.8833110056","1988.5965084166","1988.5767833159","1881.93","-5.6668836415754","48830","21664492","248","4.130045","21664.4","true","true"
"bubbles8.txt","4","123456792","1000","20","5000","500","1500","1991.8833110056","1988.5965084166","1988.5767833159","1881.93","-5.6668836415754","47428","1044705","369","4.285623","1044.55","true","true"
"bubbles8.txt","5","123456793","1000","20","5000","500","1500","1988.4452073912","1978.5822528742","1978.3601994291","1881.93","-5.124005644689226","47350","635808","442","298.596437","635.708","true","true"
"bubbles8.txt","6","123456794","1000","20","5000","500","1500","1992.3379360965","1910.3865101684","1910.1953087485","1881.93","-1.5019319926086543","47813","1760211","392","1437.267095","1759.99","true","true"
"bubbles8.txt","7","123456795","1000","20","5000","500","1500","1982.5732188652","1901.9747816059","1901.5828354819","1881.93","-1.044291524227785","46370","2141609","339","1838.650904","2141.36","true","true"
"bubbles8.txt","8","123456796","1000","20","5000","500","1500","1991.8833110056","1897.4829787267","1897.3085267037","1881.93","-0.817167838532777","44910","1920325","348","1584.052635","1920.08","true","true"
"bubbles8.txt","9","123456797","1000","20","5000","500","1500","1982.5732188652","1980.9276212568","1980.9204452121","1881.93","-5.260049269212987","46756","1014644","359","3.636715","1014.49","true","true"
"bubbles8.txt","10","123456798","1000","20","5000","500","1500","1987.738090839","1894.0920308742","1893.6220158413","1881.93","-0.6212779349550707","33333","2053951","194","1806.801472","2053.69","true","true"
"bubbles8.txt","11","123456799","1000","20","5000","500","1500","1982.5732188652","1898.3093921024","1897.890639734","1881.93","-0.8480995432348636","47282","1988724","393","1667.180317","1988.48","true","true"
"bubbles8.txt","12","123456800","1000","20","5000","500","1500","1982.5732188652","1894.6997925911","1894.6997925097","1881.93","-0.6785476882615178","47145","2381971","303","2033.453605","2381.71","true","true"
"bubbles8.txt","13","123456801","1000","20","5000","500","1500","1982.5732188652","1898.3674164525","1897.8405021245","1881.93","-0.8454353841269334","48558","1972595","514","1636.663886","1972.36","true","true"
"bubbles8.txt","14","123456802","1000","20","5000","500","1500","1991.5757579901","1988.5897753884","1988.5637826959","1881.93","-5.666192828420821","49302","1066205","400","3.629069","1066.05","true","true"
"bubbles8.txt","15","123456803","1000","20","5000","500","1500","1982.5732188652","1897.8342238096","1897.8342234872","1881.93","-0.8451017565584237","48800","2340903","313","1996.250104","2340.64","true","true"
"bubbles8.txt","16","123456804","1000","20","5000","500","1500","1982.5732188652","1894.4246179325","1894.4231792727","1881.93","-0.6638493075034666","48030","1953085","261","1625.088401","1952.85","true","true"
"bubbles8.txt","17","123456805","1000","20","5000","500","1500","1982.5732188652","1907.7356739757","1907.5536318056","1881.93","-1.361561365491802","48624","1994039","352","1655.632082","1993.79","true","true"
"bubbles8.txt","18","123456806","1000","20","5000","500","1500","1991.8833110056","1894.3811621005","1893.9021482835","1881.93","-0.6361633155058912","44090","1907601","385","1598.633541","1907.36","true","true"
"bubbles8.txt","19","123456807","1000","20","5000","500","1500","1982.5732188652","1884.3620489651","1884.1335889453","1881.93","-0.11709197182148104","44375","2093708","321","1787.762724","2093.46","true","true"
"bubbles8.txt","20","123456808","1000","20","5000","500","1500","1982.5732188652","1894.9817403115","1894.9788745922","1881.93","-0.6933772559128148","45128","1660410","332","1354.801917","1660.18","true","true"
"bubbles9.txt","1","123456789","1000","20","5000","500","1500","2324.0153110681","2159.5105465189","2159.5105464553","2148.4","-0.5171544617063747","74663","30064222","797","29618.693231","30063.9","true","true"
"bubbles9.txt","2","123456790","1000","20","5000","500","1500","2329.5453623356","2329.5453623356","2328.915969565","2148.4","-8.402344515220628","78806","1382471","349","5.31344","1382.31","true","true"
"bubbles9.txt","3","123456791","1000","20","5000","500","1500","2333.0917662504","2164.0813926445","2164.081392572","2148.4","-0.7299102854217009","68399","23246179","393","22899.268108","23245.9","true","true"
"bubbles9.txt","4","123456792","1000","20","5000","500","1500","2333.0917662504","2176.9445763547","2176.944576351","2148.4","-1.3286434719325872","67756","2485481","453","2070.213134","2485.22","true","true"
"bubbles9.txt","5","123456793","1000","20","5000","500","1500","2329.2518433412","2156.7473473343","2156.6050347831","2148.4","-0.3819137396713842","67251","3172529","470","2777.513084","3172.22","true","true"
"bubbles9.txt","6","123456794","1000","20","5000","500","1500","2326.5763505913","2155.8342427851","2155.7711422783","2148.4","-0.34309915650250816","67889","2601062","441","2204.107777","2600.8","true","true"
"bubbles9.txt","7","123456795","1000","20","5000","500","1500","2318.8264036281","2163.8789769129","2163.8776843962","2148.4","-0.7204284302829989","65669","2710201","389","2316.455672","2709.94","true","true"
"bubbles9.txt","8","123456796","1000","20","5000","500","1500","2318.8264036281","2173.0630251362","2173.0630251247","2148.4","-1.1479717522202448","64058","2992008","538","2600.499438","2991.69","true","true"
"bubbles9.txt","9","123456797","1000","20","5000","500","1500","2318.8264036281","2190.6377728618","2190.618423028","2148.4","-1.9651099901321896","66542","1993055","1019","1600.810058","1992.83","true","true"
"bubbles9.txt","10","123456798","1000","20","5000","500","1500","2329.5453623356","2329.5453623356","2328.915969565","2148.4","-8.402344515220628","66751","1283994","411","4.622903","1283.84","true","true"
"bubbles9.txt","11","123456799","1000","20","5000","500","1500","2318.8264036281","2178.3600066178","2177.8660703308","2148.4","-1.3715355767454847","67416","3191530","1474","2780.894348","3191.2","true","true"
"bubbles9.txt","12","123456800","1000","20","5000","500","1500","2318.8264036281","2169.054168701","2169.0541686917","2148.4","-0.9613744503677085","66999","2902232","568","2472.349022","2901.96","true","true"
"bubbles9.txt","13","123456801","1000","20","5000","500","1500","2318.8264036281","2153.4558245517","2153.1012259622","2148.4","-0.21882451881398782","68847","2327369","607","1895.074636","2327.14","true","true"
"bubbles9.txt","14","123456802","1000","20","5000","500","1500","2326.5763505913","2326.5763505913","2326.0648399405","2148.4","-8.269635074497295","72177","1355965","418","6.272837","1355.8","true","true"
"bubbles9.txt","15","123456803","1000","20","5000","500","1500","2318.8264036281","2166.5598987053","2166.1726010394","2148.4","-0.8272482330757721","69971","1694793","422","1274.981509","1694.6","true","true"
"bubbles9.txt","16","123456804","1000","20","5000","500","1500","2318.8264036281","2176.8500342558","2176.7001450929","2148.4","-1.3172661093325282","69848","2333058","491","1912.072205","2332.81","true","true"
"bubbles9.txt","17","123456805","1000","20","5000","500","1500","2318.8264036281","2166.5063848534","2166.2551647839","2148.4","-0.8310912671709136","69310","2943109","424","2522.162096","2942.79","true","true"
"bubbles9.txt","18","123456806","1000","20","5000","500","1500","2331.8570151035","2160.9026407843","2160.8101778677","2148.4","-0.5776474524157506","62098","3348304","557","2939.351691","3347.95","true","true"
"bubbles9.txt","19","123456807","1000","20","5000","500","1500","2318.8264036281","2169.4626632322","2169.2381605787","2148.4","-0.9699385858638939","62760","2714992","1230","2337.334636","2714.71","true","true"
"bubbles9.txt","20","123456808","1000","20","5000","500","1500","2333.0917662504","2150.0154618832","2149.3414380165","2148.4","-0.04382042526996311","64754","2856372","803","2472.06657","2856.07","true","true"
"chaoSingleDep.txt","1","123456789","1000","20","5000","500","1500","1042.5080639622","1039.6108911803","1039.6108911803","1039.61","-8.572255943926412E-05","11814","182636","186","67.188412","182.552","true","true"
"chaoSingleDep.txt","2","123456790","1000","20","5000","500","1500","1042.7910912845","1039.6108911838","1039.6108911838","1039.61","-8.572289610041456E-05","12563","137679","183","3.571784","137.594","true","true"
"chaoSingleDep.txt","3","123456791","1000","20","5000","500","1500","1042.6677873633","1039.6108911865","1039.6108911864","1039.61","-8.572314619592911E-05","11095","182685","154","63.185598","182.603","true","true"
"chaoSingleDep.txt","4","123456792","1000","20","5000","500","1500","1042.6677873633","1039.6131440844","1039.6131439961","1039.61","-0.0003024207250898857","11754","120937","138","7.333151","120.866","true","true"
"chaoSingleDep.txt","5","123456793","1000","20","5000","500","1500","1042.7205765928","1039.6108911811","1039.6108911811","1039.61","-8.57226363816358E-05","10906","195635","165","78.385246","195.553","true","true"
"chaoSingleDep.txt","6","123456794","1000","20","5000","500","1500","1042.5598181478","1039.6108912963","1039.6108912808","1039.61","-8.5732226511211E-05","11110","122524","142","5.597853","122.454","true","true"
"chaoSingleDep.txt","7","123456795","1000","20","5000","500","1500","1042.267060296","1039.6108911958","1039.6108911949","1039.61","-8.572396380158018E-05","10740","134244","175","20.572203","134.175","true","true"
"chaoSingleDep.txt","8","123456796","1000","20","5000","500","1500","1042.267060296","1039.6108911876","1039.6108911865","1039.61","-8.572315581919333E-05","10369","130107","161","15.867525","130.04","true","true"
"chaoSingleDep.txt","9","123456797","1000","20","5000","500","1500","1042.267060296","1039.6108911806","1039.6108911806","1039.61","-8.572258828718575E-05","10741","133425","156","21.271131","133.353","true","true"
"chaoSingleDep.txt","10","123456798","1000","20","5000","500","1500","1042.267060296","1039.610891202","1039.6108912009","1039.61","-8.572454093498094E-05","10863","174608","143","61.059527","174.525","true","true"
"chaoSingleDep.txt","11","123456799","1000","20","5000","500","1500","1042.267060296","1039.6108911812","1039.6108911812","1039.61","-8.572264600490004E-05","10836","200035","129","88.878017","199.949","true","true"
"chaoSingleDep.txt","12","123456800","1000","20","5000","500","1500","1042.267060296","1039.6108911903","1039.6108911901","1039.61","-8.572350208173694E-05","10793","200991","162","88.112837","200.906","true","true"
"chaoSingleDep.txt","13","123456801","1000","20","5000","500","1500","1042.7185369236","1039.6108912344","1039.6108912332","1039.61","-8.572764787144868E-05","11253","134176","166","16.318428","134.102","true","true"
"chaoSingleDep.txt","14","123456802","1000","20","5000","500","1500","1042.7185369236","1039.6108911829","1039.6108911828","1039.61","-8.572279991151444E-05","11350","117149","177","3.605372","117.078","true","true"
"chaoSingleDep.txt","15","123456803","1000","20","5000","500","1500","1042.5820935986","1039.610891184","1039.6108911838","1039.61","-8.572289610041456E-05","11242","123241","183","4.299195","123.173","true","true"
"chaoSingleDep.txt","16","123456804","1000","20","5000","500","1500","1042.267060296","1039.6108911938","1039.6108911931","1039.61","-8.572379067030838E-05","11186","123807","174","4.265988","123.736","true","true"
"chaoSingleDep.txt","17","123456805","1000","20","5000","500","1500","1042.5598181478","1039.6108911948","1039.6108911931","1039.61","-8.572379067030838E-05","11221","173411","211","55.14325","173.332","true","true"
"chaoSingleDep.txt","18","123456806","1000","20","5000","500","1500","1042.2128846849","1039.6108911854","1039.6108911853","1039.61","-8.572304038376475E-05","9963","120088","156","13.41209","120.021","true","true"
"chaoSingleDep.txt","19","123456807","1000","20","5000","500","1500","1042.267060296","1039.6108911864","1039.6108911863","1039.61","-8.572313657266489E-05","10256","276236","353","164.79121","276.119","true","true"
"chaoSingleDep.txt","20","123456808","1000","20","5000","500","1500","1042.6677873633","1039.6108911859","1039.6108911858","1039.61","-8.572308847821482E-05","10284","179450","147","64.611053","179.366","true","true"
"concentricCircles1.txt","1","123456789","1000","20","5000","500","1500","53.1974897462","53.1579961909","53.1579961909","53.158","7.165619475433964E-06","835","41145","59","2.895237","41.0803","true","true"
"concentricCircles1.txt","2","123456790","1000","20","5000","500","1500","53.1974897462","53.1579961909","53.1579961909","53.158","7.165619475433964E-06","860","50325","69","4.93096","50.2495","true","true"
"concentricCircles1.txt","3","123456791","1000","20","5000","500","1500","53.1974897462","53.1579961909","53.1579961909","53.158","7.165619475433964E-06","765","48080","60","5.926684","48.0049","true","true"
"concentricCircles1.txt","4","123456792","1000","20","5000","500","1500","53.1974897462","53.1579961909","53.1579961909","53.158","7.165619475433964E-06","752","42944","66","2.692467","42.8781","true","true"
"concentricCircles1.txt","5","123456793","1000","20","5000","500","1500","53.1974897462","53.1579961906","53.1579961906","53.158","7.166183827457112E-06","764","43908","63","4.674617","43.8393","true","true"
"concentricCircles1.txt","6","123456794","1000","20","5000","500","1500","53.1974897462","53.1579961904","53.1579961904","53.158","7.166560071050291E-06","742","44684","65","5.191547","44.6135","true","true"
"concentricCircles1.txt","7","123456795","1000","20","5000","500","1500","53.1974897462","53.1579961909","53.1579961909","53.158","7.165619475433964E-06","758","41763","60","2.982152","41.7009","true","true"
"concentricCircles1.txt","8","123456796","1000","20","5000","500","1500","53.1974897462","53.1579961909","53.1579961909","53.158","7.165619475433964E-06","735","41928","63","4.182224","41.8657","true","true"
"concentricCircles1.txt","9","123456797","1000","20","5000","500","1500","53.1974897462","53.1579961909","53.1579961909","53.158","7.165619475433964E-06","724","43345","58","4.237015","43.2764","true","true"
"concentricCircles1.txt","10","123456798","1000","20","5000","500","1500","53.1974897462","53.1579961909","53.1579961909","53.158","7.165619475433964E-06","766","45309","62","6.808868","45.2427","true","true"
"concentricCircles1.txt","11","123456799","1000","20","5000","500","1500","53.1974897462","53.1579961909","53.1579961909","53.158","7.165619475433964E-06","753","46214","60","6.899618","46.1421","true","true"
"concentricCircles1.txt","12","123456800","1000","20","5000","500","1500","53.1974897462","53.1579961909","53.1579961909","53.158","7.165619475433964E-06","752","42799","58","3.957737","42.7312","true","true"
"concentricCircles1.txt","13","123456801","1000","20","5000","500","1500","53.1974897462","53.1579961909","53.1579961909","53.158","7.165619475433964E-06","783","43083","66","2.58876","43.016","true","true"
"concentricCircles1.txt","14","123456802","1000","20","5000","500","1500","53.1974897462","53.1579961909","53.1579961909","53.158","7.165619475433964E-06","775","44534","62","3.882007","44.4676","true","true"
"concentricCircles1.txt","15","123456803","1000","20","5000","500","1500","53.1974897462","53.1579961906","53.1579961906","53.158","7.166183827457112E-06","813","43938","76","3.57716","43.8697","true","true"
"concentricCircles1.txt","16","123456804","1000","20","5000","500","1500","53.1974897462","53.1579961909","53.1579961909","53.158","7.165619475433964E-06","772","45539","70","5.039994","45.4678","true","true"
"concentricCircles1.txt","17","123456805","1000","20","5000","500","1500","53.1974897462","53.1579961909","53.1579961909","53.158","7.165619475433964E-06","889","47732","62","6.179979","47.6638","true","true"
"concentricCircles1.txt","18","123456806","1000","20","5000","500","1500","53.1974897462","53.15799619","53.15799619","53.158","7.167312544870029E-06","707","40071","59","2.193088","40.0095","true","true"
"concentricCircles1.txt","19","123456807","1000","20","5000","500","1500","53.1974897462","53.1579961909","53.1579961909","53.158","7.165619475433964E-06","717","44928","61","6.95408","44.8548","true","true"
"concentricCircles1.txt","20","123456808","1000","20","5000","500","1500","53.1974897462","53.1579961909","53.1579961909","53.158","7.165619475433964E-06","727","43294","59","5.005774","43.2356","true","true"
"concentricCircles2.txt","1","123456789","1000","20","5000","500","1500","153.7466890034","153.1322829776","153.1322829776","153.132","-0.0001847932502639442","2802","63683","77","15.107447","63.6104","true","true"
"concentricCircles2.txt","2","123456790","1000","20","5000","500","1500","153.8108091448","153.1667481755","153.1667481749","153.132","-0.022691648316477464","2660","103938","79","48.851353","103.83","true","true"
"concentricCircles2.txt","3","123456791","1000","20","5000","500","1500","153.7432580667","153.1322829776","153.1322829776","153.132","-0.0001847932502639442","2573","102333","108","51.318359","102.24","true","true"
"concentricCircles2.txt","4","123456792","1000","20","5000","500","1500","153.7432580667","153.1667481727","153.1667481727","153.132","-0.022691646879819928","2458","155080","87","106.481719","154.95","true","true"
"concentricCircles2.txt","5","123456793","1000","20","5000","500","1500","153.8108091448","153.1667481726","153.1667481726","153.132","-0.022691646814506344","2424","59513","77","11.449736","59.4409","true","true"
"concentricCircles2.txt","6","123456794","1000","20","5000","500","1500","153.7460961135","153.1667481744","153.1667481744","153.132","-0.02269164798996523","2580","51295","76","1.805041","51.2309","true","true"
"concentricCircles2.txt","7","123456795","1000","20","5000","500","1500","153.8108091448","153.1667481769","153.1667481769","153.132","-0.022691649622544954","2312","76005","71","29.415391","75.9321","true","true"
"concentricCircles2.txt","8","123456796","1000","20","5000","500","1500","153.8108091448","153.1689981255","153.168998125","153.132","-0.02416093631637846","2260","56042","80","8.884778","55.9769","true","true"
"concentricCircles2.txt","9","123456797","1000","20","5000","500","1500","153.8108091448","153.1689981217","153.1689981216","153.132","-0.02416093409606929","2375","50458","70","2.361248","50.3927","true","true"
"concentricCircles2.txt","10","123456798","1000","20","5000","500","1500","153.8108091448","153.1667481734","153.1667481734","153.132","-0.022691647336940766","2400","54947","82","6.386232","54.8833","true","true"
"concentricCircles2.txt","11","123456799","1000","20","5000","500","1500","153.7446311795","153.1667481725","153.1667481725","153.132","-0.02269164674921132","2412","170827","81","121.578219","170.688","true","true"
"concentricCircles2.txt","12","123456800","1000","20","5000","500","1500","153.8108091448","153.1667481728","153.1667481728","153.132","-0.02269164694511495","2352","60569","74","13.142997","60.5014","true","true"
"concentricCircles2.txt","13","123456801","1000","20","5000","500","1500","153.8108091448","153.1731515338","153.1731515335","153.132","-0.026873242366062616","2441","54611","78","4.037767","54.5363","true","true"
"concentricCircles2.txt","14","123456802","1000","20","5000","500","1500","153.8108091448","153.1667481736","153.1667481736","153.132","-0.02269164746754937","2453","52305","81","3.376214","52.2376","true","true"
"concentricCircles2.txt","15","123456803","1000","20","5000","500","1500","153.8108091448","153.1667481731","153.1667481731","153.132","-0.022691647141018578","2438","173517","75","123.220673","173.375","true","true"
"concentricCircles2.txt","16","123456804","1000","20","5000","500","1500","153.8108091448","153.1322829805","153.1322829805","153.132","-0.0001847951440608787","2415","52078","75","1.983725","52.0081","true","true"
"concentricCircles2.txt","17","123456805","1000","20","5000","500","1500","153.8108091448","153.1322829758","153.1322829758","153.132","-0.00018479207480505798","2430","63810","109","11.845864","63.7383","true","true"
"concentricCircles2.txt","18","123456806","1000","20","5000","500","1500","153.7432580667","153.1667481747","153.1667481747","153.132","-0.02269164818586886","2174","72171","72","25.474274","72.101","true","true"
"concentricCircles2.txt","19","123456807","1000","20","5000","500","1500","153.7432580667","153.1667481734","153.1667481733","153.132","-0.02269164727162718","2337","95396","75","46.896977","95.3065","true","true"
"concentricCircles2.txt","20","123456808","1000","20","5000","500","1500","153.7432580667","153.1322829799","153.1322829799","153.132","-0.0001847947522350632","2266","81575","80","33.256273","81.4997","true","true"
"concentricCircles3.txt","1","123456789","1000","20","5000","500","1500","271.6196501733","270.4647891439","270.4647891439","270.007","-0.16954713911121394","4577","62737","94","1.633199","62.671","true","true"
"concentricCircles3.txt","2","123456790","1000","20","5000","500","1500","271.6196501733","270.1247323239","270.1247323239","270.007","-0.04360343394800361","4649","86608","98","17.188895","86.5201","true","true"
"concentricCircles3.txt","3","123456791","1000","20","5000","500","1500","271.6783903299","270.0133376072","270.0133376046","270.007","-0.0023472001096237","4385","115741","91","53.918104","115.653","true","true"
"concentricCircles3.txt","4","123456792","1000","20","5000","500","1500","271.6783903299","270.0401059329","270.0401059322","270.007","-0.012261138488997457","4223","132842","86","71.654301","132.752","true","true"
"concentricCircles3.txt","5","123456793","1000","20","5000","500","1500","271.9093134609","270.0709699993","270.0709699992","270.007","-0.023691978059816654","4233","138012","94","78.22352","137.915","true","true"
"concentricCircles3.txt","6","123456794","1000","20","5000","500","1500","271.8234758892","270.1423454898","270.1423454898","270.007","-0.05012665960511697","4216","90627","81","31.254179","90.5493","true","true"
"concentricCircles3.txt","7","123456795","1000","20","5000","500","1500","271.7512629858","270.5364218846","270.5364218846","270.007","-0.19607709600120346","4051","80505","83","21.572962","80.4335","true","true"
"concentricCircles3.txt","8","123456796","1000","20","5000","500","1500","271.7512629858","270.3702384348","270.3702384348","270.007","-0.13452926583384725","4023","63376","258","1.861471","63.3145","true","true"
"concentricCircles3.txt","9","123456797","1000","20","5000","500","1500","271.7512629858","270.036068677","270.0360686746","270.007","-0.010765896661942819","4127","220221","92","159.754911","220.076","true","true"
"concentricCircles3.txt","10","123456798","1000","20","5000","500","1500","271.7512629858","270.1455067299","270.1455067272","270.007","-0.0512974579177456","4376","77135","98","17.076367","77.0661","true","true"
"concentricCircles3.txt","11","123456799","1000","20","5000","500","1500","271.7512629858","270.0424002551","270.0424002546","270.007","-0.013110865496081977","4167","158978","99","98.028745","158.86","true","true"
"concentricCircles3.txt","12","123456800","1000","20","5000","500","1500","271.7512629858","270.1007141371","270.1007141362","270.007","-0.03470803949526939","4161","78780","111","18.239693","78.71","true","true"
"concentricCircles3.txt","13","123456801","1000","20","5000","500","1500","271.7512629858","270.4629600206","270.4629600206","270.007","-0.16886970360027803","4293","97804","87","35.274906","97.7261","true","true"
"concentricCircles3.txt","14","123456802","1000","20","5000","500","1500","271.7512629858","270.2449677065","270.2449677065","270.007","-0.08813390263956156","4262","65888","94","3.249831","65.8206","true","true"
"concentricCircles3.txt","15","123456803","1000","20","5000","500","1500","271.7512629858","270.0828486394","270.0828486386","270.007","-0.028091360075852563","4313","69215","91","4.349009","69.13","true","true"
"concentricCircles3.txt","16","123456804","1000","20","5000","500","1500","271.870069484","270.0544904855","270.0544904855","270.007","-0.017588612702641206","4244","140571","88","79.482495","140.475","true","true"
"concentricCircles3.txt","17","123456805","1000","20","5000","500","1500","271.7512629858","270.3702384361","270.3702384359","270.007","-0.13452926624123557","4324","70132","92","5.013001","70.0616","true","true"
"concentricCircles3.txt","18","123456806","1000","20","5000","500","1500","271.6783903299","270.0516567665","270.0516567658","270.007","-0.016539114097031113","3870","84411","80","26.111928","84.3388","true","true"
"concentricCircles3.txt","19","123456807","1000","20","5000","500","1500","271.7820632364","270.4358060297","270.4358060291","270.007","-0.15881293044253436","4179","66397","94","7.682463","66.2566","true","true"
"concentricCircles3.txt","20","123456808","1000","20","5000","500","1500","271.6783903299","270.04226529","270.0422652895","270.007","-0.013060879717929236","4150","146014","82","86.71822","145.908","true","true"
"concentricCircles4.txt","1","123456789","1000","20","5000","500","1500","460.7205002374","452.7356932206","452.735693216","451.87","-0.19158014827273576","9112","389097","125","305.792671","388.919","true","true"
"concentricCircles4.txt","2","123456790","1000","20","5000","500","1500","460.9459327272","453.6966877102","453.6966877101","451.87","-0.40425071593599377","9498","259400","133","175.054777","259.247","true","true"
"concentricCircles4.txt","3","123456791","1000","20","5000","500","1500","460.9435633854","452.0817842346","452.0817842345","451.87","-0.04686839898643131","9120","21103773","115","21039.220017","21103.6","true","true"
"concentricCircles4.txt","4","123456792","1000","20","5000","500","1500","460.9435633854","453.1104433856","453.1104433856","451.87","-0.2745133302941054","8533","488824","132","405.002467","488.62","true","true"
"concentricCircles4.txt","5","123456793","1000","20","5000","500","1500","460.8566251273","453.8719970991","453.871997099","451.87","-0.4430471372297327","8456","208422","141","124.722991","208.304","true","true"
"concentricCircles4.txt","6","123456794","1000","20","5000","500","1500","460.6331417189","452.3992358779","452.3992358754","451.87","-0.11712126837364521","8417","287621","122","204.740309","287.478","true","true"
"concentricCircles4.txt","7","123456795","1000","20","5000","500","1500","460.5934689699","452.1692304227","452.1692304226","451.87","-0.0662204666386297","8148","376863","134","294.798475","376.702","true","true"
"concentricCircles4.txt","8","123456796","1000","20","5000","500","1500","461.0321077549","453.1910322904","453.1910322903","451.87","-0.2923478633899059","7982","153925","134","73.94","153.842","true","true"
"concentricCircles4.txt","9","123456797","1000","20","5000","500","1500","461.0321077549","452.4676527162","452.4676527162","451.87","-0.13226209223891883","8310","466245","145","385.556112","466.049","true","true"
"concentricCircles4.txt","10","123456798","1000","20","5000","500","1500","460.9459327272","454.3112857637","454.3112857636","451.87","-0.540262855157452","8351","184111","151","105.527808","184.02","true","true"
"concentricCircles4.txt","11","123456799","1000","20","5000","500","1500","461.0321077549","452.7888412176","452.7888412175","451.87","-0.20334193850001475","8459","177764","121","95.60723","177.675","true","true"
"concentricCircles4.txt","12","123456800","1000","20","5000","500","1500","461.0321077549","452.1995942324","452.1995942324","451.87","-0.07294005629937457","8286","672752","125","587.296222","672.415","true","true"
"concentricCircles4.txt","13","123456801","1000","20","5000","500","1500","461.0321077549","453.2503898197","453.2503898176","451.87","-0.3054838377409474","8647","300689","128","217.734742","300.541","true","true"
"concentricCircles4.txt","14","123456802","1000","20","5000","500","1500","461.0321077549","452.5695328682","452.5695328678","451.87","-0.15480843335472008","8578","460903","123","376.645888","460.704","true","true"
"concentricCircles4.txt","15","123456803","1000","20","5000","500","1500","461.0321077549","455.3823636428","455.3823636428","451.87","-0.7772951607320652","8699","154337","147","72.078535","154.249","true","true"
"concentricCircles4.txt","16","123456804","1000","20","5000","500","1500","461.0321077549","452.3741781798","452.3741781797","451.87","-0.11157593549029082","8495","451292","142","367.488651","451.092","true","true"
"concentricCircles4.txt","17","123456805","1000","20","5000","500","1500","461.0321077549","452.3135767438","452.3135767428","451.87","-0.0981646807267619","8715","436043","127","352.365225","435.845","true","true"
"concentricCircles4.txt","18","123456806","1000","20","5000","500","1500","460.9435633854","453.0868583841","453.0868583825","451.87","-0.269293908093034","8250","387284","115","313.22798","387.11","true","true"
"concentricCircles4.txt","19","123456807","1000","20","5000","500","1500","460.7205002374","452.4524365067","452.4524365067","451.87","-0.12889470571181794","8175","307841","114","231.137369","307.701","true","true"
"concentricCircles4.txt","20","123456808","1000","20","5000","500","1500","461.0321077549","453.2709277922","453.2709277834","451.87","-0.31002894270475867","7900","210451","124","135.473371","210.329","true","true"
"concentricCircles5.txt","1","123456789","1000","20","5000","500","1500","641.0618524366","633.3516702737","633.3516702693","632.977","-0.05919176673086926","15602","539245","145","439.002183","539.056","true","true"
"concentricCircles5.txt","2","123456790","1000","20","5000","500","1500","641.4762762073","634.774584585","634.7745845449","632.977","-0.28398891980277624","15777","275496","164","173.074571","275.36","true","true"
"concentricCircles5.txt","3","123456791","1000","20","5000","500","1500","641.1464756649","633.0507589031","633.050758903","632.977","-0.011652698755246731","14968","21103472","121","21017.907047","21103.3","true","true"
"concentricCircles5.txt","4","123456792","1000","20","5000","500","1500","641.1464756649","633.8402007618","633.8402007616","632.977","-0.13637158405440786","14735","379926","187","280.506756","379.774","true","true"
"concentricCircles5.txt","5","123456793","1000","20","5000","500","1500","641.0898864331","633.2403814725","633.2403814684","632.977","-0.041609958718876745","14845","436812","182","340.045505","436.643","true","true"
"concentricCircles5.txt","6","123456794","1000","20","5000","500","1500","641.5699435424","633.4296101843","633.4296101786","632.977","-0.07150499601091752","14619","477327","164","378.415605","477.154","true","true"
"concentricCircles5.txt","7","123456795","1000","20","5000","500","1500","641.1464756649","633.3397274333","633.3397274333","632.977","-0.05730499422570669","14070","491416","225","393.26691","491.235","true","true"
"concentricCircles5.txt","8","123456796","1000","20","5000","500","1500","641.4762762073","633.8470541613","633.8470541609","632.977","-0.13745430890854704","14301","314511","130","222.592777","314.292","true","true"
"concentricCircles5.txt","9","123456797","1000","20","5000","500","1500","641.6536683806","633.4012128665","633.4012128659","632.977","-0.06701868565524771","14434","442059","355","346.035111","441.896","true","true"
"concentricCircles5.txt","10","123456798","1000","20","5000","500","1500","641.1464756649","633.6189558734","633.6189558686","632.977","-0.10141851419561965","14578","329575","155","232.578989","329.432","true","true"
"concentricCircles5.txt","11","123456799","1000","20","5000","500","1500","641.1464756649","633.413918948","633.413918948","632.977","-0.06902603854483977","14757","288962","143","191.02691","288.826","true","true"
"concentricCircles5.txt","12","123456800","1000","20","5000","500","1500","641.1464756649","634.1430198242","634.1430198232","632.977","-0.18421203664588623","14469","172396","152","71.832624","172.312","true","true"
"concentricCircles5.txt","13","123456801","1000","20","5000","500","1500","641.1464756649","633.0539349553","633.0539349551","632.977","-0.012154462974168175","15021","635590","153","534.004221","635.36","true","true"
"concentricCircles5.txt","14","123456802","1000","20","5000","500","1500","641.0898864331","633.404856875","633.4048568746","632.977","-0.06759437935344012","14858","438143","169","337.450959","437.972","true","true"
"concentricCircles5.txt","15","123456803","1000","20","5000","500","1500","641.1464756649","633.9348139112","633.9348139026","632.977","-0.15131891089250277","16075","457753","172","356.206314","457.576","true","true"
"concentricCircles5.txt","16","123456804","1000","20","5000","500","1500","641.1464756649","633.5341511711","633.5341511694","632.977","-0.0880207605331745","14762","535073","162","430.972967","534.874","true","true"
"concentricCircles5.txt","17","123456805","1000","20","5000","500","1500","641.1464756649","634.1868239461","634.1868239419","632.977","-0.191132370038726","15091","226406","179","124.339503","226.311","true","true"
"concentricCircles5.txt","18","123456806","1000","20","5000","500","1500","641.8745808983","633.8967736943","633.8967736942","632.977","-0.1453091809339027","13202","453107","154","363.028219","452.933","true","true"
"concentricCircles5.txt","19","123456807","1000","20","5000","500","1500","641.6536683806","633.4050309801","633.4050309799","632.977","-0.06762188513958207","13792","304749","188","211.521588","304.619","true","true"
"concentricCircles5.txt","20","123456808","1000","20","5000","500","1500","641.8745808983","634.9404948891","634.9404948889","632.977","-0.3102000371103646","13494","156514","168","61.434847","156.433","true","true"
"d493_or10.txt","1","123456789","1000","20","5000","500","1500","100.9164238883","100.7202987602","100.72029876","100.721","0.0006962202519811538","28475","271725","176","20.920169","271.652","true","true"
"d493_or10.txt","2","123456790","1000","20","5000","500","1500","100.9458362765","100.7204036885","100.7204036882","100.721","0.0005920431687628499","31776","262985","985","16.80795","262.9","true","true"
"d493_or10.txt","3","123456791","1000","20","5000","500","1500","100.9435555039","100.7202987788","100.7202987783","100.721","0.000696202082979915","26250","20922914","124","74.034845","20922.8","true","true"
"d493_or10.txt","4","123456792","1000","20","5000","500","1500","100.9877500044","100.7202987593","100.7202987593","100.721","0.0006962209469826852","25904","251324","183","23.884913","251.239","true","true"
"d493_or10.txt","5","123456793","1000","20","5000","500","1500","100.9735462491","100.7203992168","100.7203992168","100.721","0.0005964825607365445","25676","290576","1141","41.783091","290.493","true","true"
"d493_or10.txt","6","123456794","1000","20","5000","500","1500","100.9735462491","100.7202987598","100.7202987597","100.721","0.000696220549838953","25500","487534","177","257.058276","487.407","true","true"
"d493_or10.txt","7","123456795","1000","20","5000","500","1500","100.9476640742","100.7202987646","100.7202987646","100.721","0.0006962156849128882","24745","281812","1111","45.138225","281.732","true","true"
"d493_or10.txt","8","123456796","1000","20","5000","500","1500","101.0204215485","100.7204393457","100.7204393455","100.721","0.0005566411175487811","24211","257301","173","28.510733","257.228","true","true"
"d493_or10.txt","9","123456797","1000","20","5000","500","1500","100.9877500044","100.7202987597","100.7202987596","100.721","0.000696220649124886","25425","241641","176","12.616006","241.559","true","true"
"d493_or10.txt","10","123456798","1000","20","5000","500","1500","100.9877500044","100.720403653","100.720403653","100.721","0.0005920781167763741","25679","276287","153","41.751778","276.204","true","true"
"d493_or10.txt","11","123456799","1000","20","5000","500","1500","100.9877500044","100.7202987609","100.7202987609","100.721","0.0006962193584359746","25520","245758","1587","11.944733","245.68","true","true"
"d493_or10.txt","12","123456800","1000","20","5000","500","1500","100.9633340521","100.7202987674","100.7202987672","100.721","0.0006962131035209561","25489","280737","208","47.410686","280.655","true","true"
"d493_or10.txt","13","123456801","1000","20","5000","500","1500","100.9476640742","100.7204380774","100.7204303433","100.721","0.0005655788763104378","30407","250179","1244","7.729947","250.095","true","true"
"d493_or10.txt","14","123456802","1000","20","5000","500","1500","100.9877500044","100.7202987698","100.7202987696","100.721","0.0006962107207008902","26421","248351","179","8.375534","248.269","true","true"
"d493_or10.txt","15","123456803","1000","20","5000","500","1500","100.9476640742","100.7202987616","100.7202987614","100.721","0.0006962188620063093","26591","255086","171","11.096389","255.005","true","true"
"d493_or10.txt","16","123456804","1000","20","5000","500","1500","100.9393503876","100.7202987593","100.7202987593","100.721","0.0006962209469826852","26062","259010","920","21.023327","258.912","true","true"
"d493_or10.txt","17","123456805","1000","20","5000","500","1500","100.9877500044","100.7204036544","100.7204036544","100.721","0.0005920767268015295","26780","237323","170","8.359869","237.245","true","true"
"d493_or10.txt","18","123456806","1000","20","5000","500","1500","100.9633340521","100.7203288618","100.7203267874","100.721","0.0006683934829935841","23175","232897","168","17.488122","232.826","true","true"
"d493_or10.txt","19","123456807","1000","20","5000","500","1500","100.9059520661","100.7204038621","100.7204038557","100.721","0.0005918768677879022","24206","288455","185","55.81413","288.379","true","true"
"d493_or10.txt","20","123456808","1000","20","5000","500","1500","100.9435555039","100.720298772","100.7202987717","100.721","0.0006962086357386234","24112","253780","160","39.800785","253.702","true","true"
"d493_or2.txt","1","123456789","1000","20","5000","500","1500","200.7134764022","199.2752835532","199.2749051098","199.015","-0.13059573891415313","46504","769524","323","506.939471","769.36","true","true"
"d493_or2.txt","2","123456790","1000","20","5000","500","1500","200.2994106454","200.2347134908","200.1932546294","199.015","-0.5920431271009802","45483","427592","383","160.392021","427.495","true","true"
"d493_or2.txt","3","123456791","1000","20","5000","500","1500","200.7102015965","199.3847715342","199.383234918","199.015","-0.18502872547296087","33133","938346","220","719.739844","938.19","true","true"
"d493_or2.txt","4","123456792","1000","20","5000","500","1500","200.6633629105","199.2338977496","199.2338977495","199.015","-0.10999057834836658","43585","1156686","336","895.618166","1156.48","true","true"
"d493_or2.txt","5","123456793","1000","20","5000","500","1500","200.7028624934","199.5900866721","199.5900866717","199.015","-0.2889664958420252","43877","1314007","368","1061.353764","1313.77","true","true"
"d493_or2.txt","6","123456794","1000","20","5000","500","1500","200.4889774125","199.2797588673","199.2756629534","199.015","-0.13097653614049942","43344","1375050","371","1130.146691","1374.81","true","true"
"d493_or2.txt","7","123456795","1000","20","5000","500","1500","200.4411185399","199.1961513958","199.1961513958","199.015","-0.09102399105595801","41806","1153830","335","926.384616","1153.62","true","true"
"d493_or2.txt","8","123456796","1000","20","5000","500","1500","200.4550864426","199.3790696749","199.3790696734","199.015","-0.18293579549281433","41038","922599","340","672.02729","922.426","true","true"
"d493_or2.txt","9","123456797","1000","20","5000","500","1500","200.7051277399","198.9862274658","198.9862274447","199.015","0.01445748074264766","42889","1233934","382","993.514854","1233.71","true","true"
"d493_or2.txt","10","123456798","1000","20","5000","500","1500","200.7051277399","199.5999486979","199.5999486969","199.015","-0.2939219138758384","43034","1148577","351","896.035888","1148.37","true","true"
"d493_or2.txt","11","123456799","1000","20","5000","500","1500","200.7051277399","199.6216413719","199.6204492823","199.015","-0.30422293912519893","42915","874865","370","633.500937","874.701","true","true"
"d493_or2.txt","12","123456800","1000","20","5000","500","1500","200.7051277399","200.4235188336","200.4235188277","199.015","-0.7077450582619508","42863","834654","331","561.867084","834.494","true","true"
"d493_or2.txt","13","123456801","1000","20","5000","500","1500","200.7051277399","199.5722240702","199.5722240658","199.015","-0.27999098851845333","44770","1382194","413","1124.357192","1381.95","true","true"
"d493_or2.txt","14","123456802","1000","20","5000","500","1500","200.7805214594","199.3128872639","199.3092450576","199.015","-0.14785069346532806","44718","1093605","319","849.376408","1093.42","true","true"
"d493_or2.txt","15","123456803","1000","20","5000","500","1500","200.7051277399","199.4635787329","199.4635787329","199.015","-0.22539945878452253","44541","1871968","389","1626.112963","1871.66","true","true"
"d493_or2.txt","16","123456804","1000","20","5000","500","1500","200.7051277399","199.699990023","199.6999457439","199.015","-0.3441678988518535","44063","864131","367","617.613904","863.973","true","true"
"d493_or2.txt","17","123456805","1000","20","5000","500","1500","200.7051277399","199.4759986718","199.4759986695","199.015","-0.23164016255056885","44727","1065429","381","813.622062","1065.23","true","true"
"d493_or2.txt","18","123456806","1000","20","5000","500","1500","200.729413905","199.7457092966","199.7409535165","199.015","-0.36477326658795933","38962","1498379","321","1259.320481","1498.12","true","true"
"d493_or2.txt","19","123456807","1000","20","5000","500","1500","200.8912906406","199.5380000924","199.5334605768","199.015","-0.26051331648368703","40565","938283","360","706.557495","938.115","true","true"
"d493_or2.txt","20","123456808","1000","20","5000","500","1500","200.8427168192","200.8427168192","200.8427168192","199.015","-0.9183814381830618","40133","742163","307","6.249245","742.015","true","true"
"d493_or30.txt","1","123456789","1000","20","5000","500","1500","69.762058701","69.7576262011","69.7576262011","69.7577","0.0001057931955961315","33895","220554","1604","7.960832","220.465","true","true"
"d493_or30.txt","2","123456790","1000","20","5000","500","1500","69.7727849891","69.7576262011","69.7576262011","69.7577","0.0001057931955961315","34908","218247","1405","8.79417","218.159","true","true"
"d493_or30.txt","3","123456791","1000","20","5000","500","1500","69.7615810053","69.7576262012","69.7576262012","69.7577","0.00010579305224022293","24406","187403","788","6.452232","187.335","true","true"
"d493_or30.txt","4","123456792","1000","20","5000","500","1500","69.7657404863","69.7576262012","69.7576262012","69.7577","0.00010579305224022293","33066","207408","1474","8.064244","207.328","true","true"
"d493_or30.txt","5","123456793","1000","20","5000","500","1500","69.7606411747","69.7576262012","69.7576262012","69.7577","0.00010579305224022293","33207","214654","1838","9.799274","214.577","true","true"
"d493_or30.txt","6","123456794","1000","20","5000","500","1500","69.7607678357","69.7576262011","69.7576262011","69.7577","0.0001057931955961315","32992","217862","1281","7.851353","217.786","true","true"
"d493_or30.txt","7","123456795","1000","20","5000","500","1500","69.7669728458","69.7576262012","69.7576262012","69.7577","0.00010579305224022293","32281","205389","1188","8.603034","205.311","true","true"
"d493_or30.txt","8","123456796","1000","20","5000","500","1500","69.7660738751","69.7576262012","69.7576262012","69.7577","0.00010579305224022293","31287","203361","888","7.494573","203.29","true","true"
"d493_or30.txt","9","123456797","1000","20","5000","500","1500","69.7678657103","69.7576262012","69.7576262012","69.7577","0.00010579305224022293","33023","211936","1157","8.451882","211.861","true","true"
"d493_or30.txt","10","123456798","1000","20","5000","500","1500","69.7681677383","69.7576262011","69.7576262011","69.7577","0.0001057931955961315","32735","207540","1491","8.113914","207.465","true","true"
"d493_or30.txt","11","123456799","1000","20","5000","500","1500","69.7681677383","69.7576262011","69.7576262011","69.7577","0.0001057931955961315","32525","221564","1108","7.926931","221.49","true","true"
"d493_or30.txt","12","123456800","1000","20","5000","500","1500","69.7660351407","69.7576262012","69.7576262012","69.7577","0.00010579305224022293","32600","211116","1165","8.788903","211.039","true","true"
"d493_or30.txt","13","123456801","1000","20","5000","500","1500","69.7678657103","69.7576262012","69.7576262012","69.7577","0.00010579305224022293","34133","213957","1171","8.499874","213.882","true","true"
"d493_or30.txt","14","123456802","1000","20","5000","500","1500","69.7629276802","69.7576262011","69.7576262011","69.7577","0.0001057931955961315","34222","217267","1220","8.095838","217.187","true","true"
"d493_or30.txt","15","123456803","1000","20","5000","500","1500","69.7657404863","69.7576262011","69.7576262011","69.7577","0.0001057931955961315","34074","211752","1629","8.92395","211.672","true","true"
"d493_or30.txt","16","123456804","1000","20","5000","500","1500","69.7681677383","69.7576262012","69.7576262012","69.7577","0.00010579305224022293","33436","211887","1276","8.091538","211.807","true","true"
"d493_or30.txt","17","123456805","1000","20","5000","500","1500","69.7607705645","69.7576262011","69.7576262011","69.7577","0.0001057931955961315","34126","224240","1128","9.543153","224.161","true","true"
"d493_or30.txt","18","123456806","1000","20","5000","500","1500","69.7615810053","69.7576262011","69.7576262011","69.7577","0.0001057931955961315","29855","194533","991","8.061108","194.463","true","true"
"d493_or30.txt","19","123456807","1000","20","5000","500","1500","69.7624715833","69.7576262011","69.7576262011","69.7577","0.0001057931955961315","30487","203682","999","7.658684","203.607","true","true"
"d493_or30.txt","20","123456808","1000","20","5000","500","1500","69.7615810053","69.7576262012","69.7576262012","69.7577","0.00010579305224022293","30592","196426","1031","8.922879","196.354","true","true"
"d493rdmRad.txt","1","123456789","1000","20","5000","500","1500","134.646552134","134.2263577078","134.2263577078","134.226","-0.0002664966548895989","8668","74128","728","1.83181","74.0468","true","true"
"d493rdmRad.txt","2","123456790","1000","20","5000","500","1500","134.646552134","134.2263577089","134.2263577088","134.226","-0.0002664973999150383","8037","84842","710","2.350838","84.7675","true","true"
"d493rdmRad.txt","3","123456791","1000","20","5000","500","1500","134.646552134","134.2263577091","134.2263577091","134.226","-0.00026649762341208284","6036","64646","462","2.451706","64.5917","true","true"
"d493rdmRad.txt","4","123456792","1000","20","5000","500","1500","134.646552134","134.2263577086","134.2263577086","134.226","-0.0002664972509099504","7760","73454","825","1.794696","73.391","true","true"
"d493rdmRad.txt","5","123456793","1000","20","5000","500","1500","134.646552134","134.2263577077","134.2263577077","134.226","-0.0002664965803976422","7813","81538","793","4.85278","81.4706","true","true"
"d493rdmRad.txt","6","123456794","1000","20","5000","500","1500","134.646552134","134.2263577079","134.2263577079","134.226","-0.0002664967294027301","7749","76381","629","2.721852","76.3106","true","true"
"d493rdmRad.txt","7","123456795","1000","20","5000","500","1500","134.646552134","134.2263577082","134.2263577082","134.226","-0.0002664969528997747","7458","74524","681","1.74051","74.4596","true","true"
"d493rdmRad.txt","8","123456796","1000","20","5000","500","1500","134.646552134","134.2263577083","134.2263577083","134.226","-0.00026649702739173133","7475","79723","552","4.462206","79.655","true","true"
"d493rdmRad.txt","9","123456797","1000","20","5000","500","1500","134.646552134","134.2263577077","134.2263577077","134.226","-0.0002664965803976422","7987","80441","685","2.986954","80.3768","true","true"
"d493rdmRad.txt","10","123456798","1000","20","5000","500","1500","134.646552134","134.226357708","134.226357708","134.226","-0.0002664968038946868","7740","78379","812","2.684488","78.3143","true","true"
"d493rdmRad.txt","11","123456799","1000","20","5000","500","1500","134.646552134","134.2263577077","134.2263577077","134.226","-0.0002664965803976422","7666","74383","719","2.376737","74.3187","true","true"
"d493rdmRad.txt","12","123456800","1000","20","5000","500","1500","134.646552134","134.226357708","134.226357708","134.226","-0.0002664968038946868","7771","79177","623","1.907367","79.1046","true","true"
"d493rdmRad.txt","13","123456801","1000","20","5000","500","1500","134.646552134","134.2263577079","134.2263577079","134.226","-0.0002664967294027301","8021","80544","751","2.955455","80.4732","true","true"
"d493rdmRad.txt","14","123456802","1000","20","5000","500","1500","134.646552134","134.2263577077","134.2263577077","134.226","-0.0002664965803976422","8102","79126","802","1.882623","79.0574","true","true"
"d493rdmRad.txt","15","123456803","1000","20","5000","500","1500","134.646552134","134.2263577078","134.2263577078","134.226","-0.0002664966548895989","7999","77459","707","2.126181","77.3886","true","true"
"d493rdmRad.txt","16","123456804","1000","20","5000","500","1500","134.646552134","134.2263577081","134.2263577081","134.226","-0.00026649687840781796","7947","81077","792","1.979693","81.0078","true","true"
"d493rdmRad.txt","17","123456805","1000","20","5000","500","1500","134.646552134","134.2263577104","134.2263577104","134.226","-0.00026649859193456684","7958","78730","654","4.414698","78.6611","true","true"
"d493rdmRad.txt","18","123456806","1000","20","5000","500","1500","134.646552134","134.2263577083","134.2263577083","134.226","-0.00026649702739173133","7082","73831","683","2.613311","73.7704","true","true"
"d493rdmRad.txt","19","123456807","1000","20","5000","500","1500","134.646552134","134.2263577083","134.2263577083","134.226","-0.00026649702739173133","7351","73226","640","2.21129","73.1627","true","true"
"d493rdmRad.txt","20","123456808","1000","20","5000","500","1500","134.646552134","134.2263577076","134.2263577076","134.226","-0.000266496505884511","7260","70098","370","1.742827","70.0379","true","true"
"dsj1000_or10.txt","1","123456789","1000","20","5000","500","1500","376.3349592857","373.7846635795","373.7846635794","373.759","-0.006866344195049451","49191","397976","1798","30.6637","397.862","true","true"
"dsj1000_or10.txt","2","123456790","1000","20","5000","500","1500","375.9391544857","373.7651421347","373.7651421299","373.759","-0.0016433396654028558","49426","602642","1951","247.29456","602.513","true","true"
"dsj1000_or10.txt","3","123456791","1000","20","5000","500","1500","376.1046074625","373.7654258199","373.7654258134","373.759","-0.001719239777496061","41217","733651","1280","407.844172","733.519","true","true"
"dsj1000_or10.txt","4","123456792","1000","20","5000","500","1500","376.0686655109","373.7607632248","373.7607632245","373.759","-0.00047175439253526624","47072","475499","3212","117.989156","475.395","true","true"
"dsj1000_or10.txt","5","123456793","1000","20","5000","500","1500","376.4650826268","373.764701531","373.7647014768","373.759","-0.0015254420094152517","46624","649156","1972","305.080589","649.017","true","true"
"dsj1000_or10.txt","6","123456794","1000","20","5000","500","1500","376.2602168856","373.8373532625","373.8372873782","373.759","-0.020945951321574174","46058","699571","1680","363.782872","699.427","true","true"
"dsj1000_or10.txt","7","123456795","1000","20","5000","500","1500","376.2602168856","373.7613024362","373.7613024361","373.759","-0.0006160215807424178","44814","695525","2197","357.369543","695.394","true","true"
"dsj1000_or10.txt","8","123456796","1000","20","5000","500","1500","376.0686655109","373.7657089668","373.765708966","373.759","-0.0017949978461956507","44305","769999","2339","434.445752","769.851","true","true"
"dsj1000_or10.txt","9","123456797","1000","20","5000","500","1500","376.2602168856","373.845507552","373.8455075515","373.759","-0.0231452758328243","45499","409349","466","57.344953","409.253","true","true"
"dsj1000_or10.txt","10","123456798","1000","20","5000","500","1500","376.2602168856","373.7794846954","373.7794846929","373.759","-0.005480722310357748","46282","544560","2363","196.268271","544.452","true","true"
"dsj1000_or10.txt","11","123456799","1000","20","5000","500","1500","376.2602168856","373.7766763809","373.7766763806","373.759","-0.004729352497195784","46690","366471","473","32.658098","366.376","true","true"
"dsj1000_or10.txt","12","123456800","1000","20","5000","500","1500","376.2602168856","373.9637665679","373.9637665645","373.759","-0.05478572141406767","46220","419091","515","46.392066","418.995","true","true"
"dsj1000_or10.txt","13","123456801","1000","20","5000","500","1500","376.2602168856","373.7615945315","373.7615945314","373.759","-0.0006941722874919057","47387","719834","3342","336.964987","719.684","true","true"
"dsj1000_or10.txt","14","123456802","1000","20","5000","500","1500","376.2602168856","373.7602797776","373.7602797761","373.759","-0.00034240676478089504","47789","403356","1873","23.378026","403.26","true","true"
"dsj1000_or10.txt","15","123456803","1000","20","5000","500","1500","376.2602168856","373.7678555228","373.7678555222","373.759","-0.0023693134345950683","47231","559526","2321","203.982253","559.403","true","true"
"dsj1000_or10.txt","16","123456804","1000","20","5000","500","1500","376.2602168856","373.7751687228","373.7751687142","373.759","-0.004325973207328194","47836","993282","1505","627.279886","993.118","true","true"
"dsj1000_or10.txt","17","123456805","1000","20","5000","500","1500","376.2602168856","373.7589040161","373.7589040143","373.759","2.5681174232540488E-05","47915","398740","3011","27.039886","398.641","true","true"
"dsj1000_or10.txt","18","123456806","1000","20","5000","500","1500","376.1046074625","373.7619465414","373.7619465301","373.759","-0.0007883502738293443","42021","493152","485","175.538356","493.05","true","true"
"dsj1000_or10.txt","19","123456807","1000","20","5000","500","1500","376.4465932074","373.7778388462","373.7778388461","373.759","-0.005040372566274462","43543","394502","2301","55.436067","394.404","true","true"
"dsj1000_or10.txt","20","123456808","1000","20","5000","500","1500","376.5403669574","373.8109078283","373.8109078258","373.759","-0.013888047057049628","42902","548133","1608","229.437102","548.005","true","true"
"dsj1000_or2.txt","1","123456789","1000","20","5000","500","1500","924.49232109","915.9316865376","915.9011433097","909.502","-0.7035876017534974","107172","29713421","2330","29056.774566","29713.2","true","true"
"dsj1000_or2.txt","2","123456790","1000","20","5000","500","1500","926.0198379607","911.0147381806","910.9512547388","909.502","-0.1593459650226223","100164","26219133","2035","25654.49914","26218.8","true","true"
"dsj1000_or2.txt","3","123456791","1000","20","5000","500","1500","926.2202135207","915.7173582276","915.7152719111","909.502","-0.683150989343623","85175","2552123","1330","1892.906797","2551.88","true","true"
"dsj1000_or2.txt","4","123456792","1000","20","5000","500","1500","925.1869289736","913.4738787195","913.471611536","909.502","-0.43645990179240973","98161","4595815","1591","3890.65424","4595.5","true","true"
"dsj1000_or2.txt","5","123456793","1000","20","5000","500","1500","923.3397713116","923.3397713116","923.2513300601","909.502","-1.5117426965636227","97777","2238059","1530","27.310273","2237.88","true","true"
"dsj1000_or2.txt","6","123456794","1000","20","5000","500","1500","925.7340268947","925.7340268947","925.5790075315","909.502","-1.7676714874183943","96137","2217200","1646","27.864065","2217.01","true","true"
"dsj1000_or2.txt","7","123456795","1000","20","5000","500","1500","925.7340268947","913.0709208334","913.0123380296","909.502","-0.38596265094524335","92596","4162609","1935","3494.791402","4162.3","true","true"
"dsj1000_or2.txt","8","123456796","1000","20","5000","500","1500","925.1869289736","914.3300912248","914.3263076731","909.502","-0.5304339817944398","91679","3827791","713","3129.967534","3827.52","true","true"
"dsj1000_or2.txt","9","123456797","1000","20","5000","500","1500","925.7340268947","913.2818137012","913.2618497482","909.502","-0.4133965343891552","95598","5302096","1990","4597.258425","5301.75","true","true"
"dsj1000_or2.txt","10","123456798","1000","20","5000","500","1500","925.7340268947","910.6990926224","910.688751597","909.502","-0.13048367095399585","96395","5678540","1415","4976.714982","5678.18","true","true"
"dsj1000_or2.txt","11","123456799","1000","20","5000","500","1500","925.7340268947","914.2933171703","914.2933171687","909.502","-0.5268066665823782","96332","5604416","3073","4884.793789","5604.04","true","true"
"dsj1000_or2.txt","12","123456800","1000","20","5000","500","1500","925.7340268947","912.3980043897","912.3927041656","909.502","-0.317833733801578","95756","4706169","930","3976.432338","4705.85","true","true"
"dsj1000_or2.txt","13","123456801","1000","20","5000","500","1500","925.7340268947","910.7771660192","910.7473291983","909.502","-0.13692429464696673","99195","5690093","1537","4967.072751","5689.7","true","true"
"dsj1000_or2.txt","14","123456802","1000","20","5000","500","1500","925.7340268947","918.886266108","918.8862660938","909.502","-1.0318026891419787","98321","1704853","1344","978.295154","1704.68","true","true"
"dsj1000_or2.txt","15","123456803","1000","20","5000","500","1500","925.7340268947","925.0191390362","924.8978127636","909.502","-1.692773931624122","98891","1422975","2218","682.74908","1422.83","true","true"
"dsj1000_or2.txt","16","123456804","1000","20","5000","500","1500","925.7340268947","910.269386356","910.2693793894","909.502","-0.08437357910153559","97936","4147561","1907","3434.210536","4147.27","true","true"
"dsj1000_or2.txt","17","123456805","1000","20","5000","500","1500","925.7340268947","909.7996355221","909.7959427384","909.502","-0.032319086533070356","98880","6196685","819","5522.258756","6196.27","true","true"
"dsj1000_or2.txt","18","123456806","1000","20","5000","500","1500","926.2202135207","912.3143825355","912.2808522924","909.502","-0.3055355889706757","87074","6807359","666","6322.968298","6806.92","true","true"
"dsj1000_or2.txt","19","123456807","1000","20","5000","500","1500","926.0198379607","914.4661302099","914.4461042578","909.502","-0.5436056498831299","88751","3378393","1985","2704.022956","3378.13","true","true"
"dsj1000_or2.txt","20","123456808","1000","20","5000","500","1500","926.2202135207","926.2202135207","926.1692515573","909.502","-1.832568983608613","89162","2117435","728","25.20911","2117.26","true","true"
"dsj1000_or30.txt","1","123456789","1000","20","5000","500","1500","200.1932492924","199.9479600093","199.9479600093","199.948","2.0000550144560222E-05","46092","236223","2178","14.949683","236.129","true","true"
"dsj1000_or30.txt","2","123456790","1000","20","5000","500","1500","200.2472663081","199.9479600101","199.9479600101","199.948","2.0000150047607346E-05","45942","233485","2613","16.980915","233.397","true","true"
"dsj1000_or30.txt","3","123456791","1000","20","5000","500","1500","200.1346019504","199.9479600103","199.9479600102","199.948","2.0000100026604145E-05","35200","182651","2272","12.219069","182.579","true","true"
"dsj1000_or30.txt","4","123456792","1000","20","5000","500","1500","200.0340417549","199.9479600096","199.9479600096","199.948","2.0000400109979712E-05","43565","215513","3498","12.945282","215.422","true","true"
"dsj1000_or30.txt","5","123456793","1000","20","5000","500","1500","200.0480879815","199.9479600108","199.9479600107","199.948","1.9999849964231775E-05","43109","219309","1904","15.104636","219.224","true","true"
"dsj1000_or30.txt","6","123456794","1000","20","5000","500","1500","200.2673174592","199.9479600105","199.9479600095","199.948","2.0000450116768367E-05","42956","215792","2172","16.212384","215.703","true","true"
"dsj1000_or30.txt","7","123456795","1000","20","5000","500","1500","200.0898489916","199.9479600099","199.9479600099","199.948","2.0000250075399202E-05","41135","211399","2821","14.753106","211.317","true","true"
"dsj1000_or30.txt","8","123456796","1000","20","5000","500","1500","200.1261908842","199.9479600094","199.9479600094","199.948","2.000050013777157E-05","40759","216637","2058","12.659912","216.548","true","true"
"dsj1000_or30.txt","9","123456797","1000","20","5000","500","1500","200.0484690085","199.947960011","199.9479600107","199.948","1.9999849964231775E-05","42433","227477","1808","15.465185","227.394","true","true"
"dsj1000_or30.txt","10","123456798","1000","20","5000","500","1500","200.2673174592","199.9479600098","199.9479600097","199.948","2.000035008897651E-05","43093","217665","3126","13.481064","217.584","true","true"
"dsj1000_or30.txt","11","123456799","1000","20","5000","500","1500","200.2673174592","199.9479600094","199.9479600094","199.948","2.000050013777157E-05","43209","213218","3271","13.012571","213.136","true","true"
"dsj1000_or30.txt","12","123456800","1000","20","5000","500","1500","200.0898489916","199.947960027","199.9479600269","199.948","1.9991747855236884E-05","45011","228547","2685","19.86911","228.456","true","true"
"dsj1000_or30.txt","13","123456801","1000","20","5000","500","1500","200.0484644687","199.9479600097","199.9479600097","199.948","2.000035008897651E-05","44561","208256","4252","14.037894","208.17","true","true"
"dsj1000_or30.txt","14","123456802","1000","20","5000","500","1500","200.1212013472","199.9479600094","199.9479600094","199.948","2.000050013777157E-05","45948","227872","1769","15.330844","227.785","true","true"
"dsj1000_or30.txt","15","123456803","1000","20","5000","500","1500","200.2673174592","199.94796001","199.94796001","199.948","2.0000200054396E-05","45165","221090","2707","13.577502","221.005","true","true"
"dsj1000_or30.txt","16","123456804","1000","20","5000","500","1500","200.0898489916","199.9479600096","199.9479600095","199.948","2.0000450116768367E-05","44455","223696","1739","13.884745","223.608","true","true"
"dsj1000_or30.txt","17","123456805","1000","20","5000","500","1500","200.2673174592","199.9479600096","199.9479600096","199.948","2.0000400109979712E-05","44475","224170","1984","13.528374","224.085","true","true"
"dsj1000_or30.txt","18","123456806","1000","20","5000","500","1500","200.1329438494","199.9479600103","199.9479600102","199.948","2.0000100026604145E-05","39194","200519","1719","13.156027","200.433","true","true"
"dsj1000_or30.txt","19","123456807","1000","20","5000","500","1500","200.2472663081","199.9479600099","199.9479600099","199.948","2.0000250075399202E-05","39559","215952","2505","12.701783","215.874","true","true"
"dsj1000_or30.txt","20","123456808","1000","20","5000","500","1500","200.1346019504","199.9479600101","199.94796001","199.948","2.0000200054396E-05","40198","203262","1096","12.2876","203.18","true","true"
"dsj1000rdmRad.txt","1","123456789","1000","20","5000","500","1500","626.0285254779","624.6042690304","624.6042690304","624.604","-4.307215451342849E-05","20571","123994","1575","6.92868","123.916","true","true"
"dsj1000rdmRad.txt","2","123456790","1000","20","5000","500","1500","626.0285254779","624.6042690121","624.6042690121","624.604","-4.306922464801277E-05","20236","119568","1371","4.020795","119.481","true","true"
"dsj1000rdmRad.txt","3","123456791","1000","20","5000","500","1500","626.0285254779","624.6042690115","624.6042690115","624.604","-4.3069128599085344E-05","15501","99948","1345","8.624752","99.8887","true","true"
"dsj1000rdmRad.txt","4","123456792","1000","20","5000","500","1500","626.0285254779","624.6042690142","624.6042690142","624.604","-4.3069560864762325E-05","19173","115785","1692","2.802116","115.721","true","true"
"dsj1000rdmRad.txt","5","123456793","1000","20","5000","500","1500","626.0285254779","624.6042690329","624.6042690329","624.604","-4.307255476279633E-05","19164","119995","1591","3.796874","119.925","true","true"
"dsj1000rdmRad.txt","6","123456794","1000","20","5000","500","1500","626.0285254779","624.6042690124","624.6042690124","624.604","-4.30692726815772E-05","18621","112378","1961","2.343657","112.309","true","true"
"dsj1000rdmRad.txt","7","123456795","1000","20","5000","500","1500","626.0285254779","624.6042690312","624.6042690311","624.604","-4.30722665796112E-05","18032","115812","1628","2.84406","115.747","true","true"
"dsj1000rdmRad.txt","8","123456796","1000","20","5000","500","1500","626.0285254779","624.6042690169","624.6042690169","624.604","-4.306999314864074E-05","18454","108469","1855","2.187229","108.405","true","true"
"dsj1000rdmRad.txt","9","123456797","1000","20","5000","500","1500","626.0285254779","624.6042690218","624.6042690218","624.604","-4.307077763012113E-05","18748","117924","1734","5.256358","117.855","true","true"
"dsj1000rdmRad.txt","10","123456798","1000","20","5000","500","1500","626.0285254779","624.6042690163","624.6042690163","624.604","-4.306989708151188E-05","18871","119071","1716","6.975029","119.004","true","true"
"dsj1000rdmRad.txt","11","123456799","1000","20","5000","500","1500","626.0285254779","624.6042690369","624.6042690369","624.604","-4.307319516178487E-05","18710","116605","1791","2.632858","116.537","true","true"
"dsj1000rdmRad.txt","12","123456800","1000","20","5000","500","1500","626.0285254779","624.6042690118","624.6042690118","624.604","-4.306917663264977E-05","20125","122538","1987","2.649671","122.468","true","true"
"dsj1000rdmRad.txt","13","123456801","1000","20","5000","500","1500","626.0285254779","624.6042690156","624.6042690156","624.604","-4.306978501532917E-05","19381","115953","1647","2.471687","115.885","true","true"
"dsj1000rdmRad.txt","14","123456802","1000","20","5000","500","1500","626.0285254779","624.6042690231","624.6042690231","624.604","-4.3070985763432686E-05","19308","122201","1389","4.683621","122.132","true","true"
"dsj1000rdmRad.txt","15","123456803","1000","20","5000","500","1500","626.0285254779","624.6042690159","624.6042690158","624.604","-4.306981703163831E-05","19697","119859","2089","3.240837","119.79","true","true"
"dsj1000rdmRad.txt","16","123456804","1000","20","5000","500","1500","626.0285254779","624.6042690405","624.6042690405","624.604","-4.307377152815513E-05","19419","116637","2398","2.793257","116.57","true","true"
"dsj1000rdmRad.txt","17","123456805","1000","20","5000","500","1500","626.0285254779","624.6042690164","624.604269016","624.604","-4.306984904794746E-05","19488","119931","1726","3.330036","119.859","true","true"
"dsj1000rdmRad.txt","18","123456806","1000","20","5000","500","1500","626.0285254779","624.6042690122","624.6042690122","624.604","-4.306924066526805E-05","17104","104752","1715","2.16412","104.688","true","true"
"dsj1000rdmRad.txt","19","123456807","1000","20","5000","500","1500","626.0285254779","624.6042691701","624.6042691701","624.604","-4.30945206810816E-05","17423","158672","1864","51.759496","158.594","true","true"
"dsj1000rdmRad.txt","20","123456808","1000","20","5000","500","1500","626.0285254779","624.6042690135","624.6042690134","624.604","-4.306943278132433E-05","17451","106997","1980","2.742618","106.933","true","true"
"kroD100_or10.txt","1","123456789","1000","20","5000","500","1500","89.7942809574","89.6676611898","89.6676611897","89.6679","0.00026632752635490336","4477","74861","86","5.790792","74.7977","true","true"
"kroD100_or10.txt","2","123456790","1000","20","5000","500","1500","89.8683868129","89.6676611897","89.6676611897","89.6679","0.00026632752635490336","4432","75696","87","3.403612","75.6151","true","true"
"kroD100_or10.txt","3","123456791","1000","20","5000","500","1500","89.8583687753","89.6676611892","89.6676611892","89.6679","0.0002663280839621545","3490","56780","85","2.411935","56.7268","true","true"
"kroD100_or10.txt","4","123456792","1000","20","5000","500","1500","89.8598912072","89.6676611892","89.6676611892","89.6679","0.0002663280839621545","4302","80770","86","10.864075","80.7033","true","true"
"kroD100_or10.txt","5","123456793","1000","20","5000","500","1500","89.8241077317","89.6676611893","89.6676611893","89.6679","0.0002663279724375346","4709","75726","104","5.032717","75.6599","true","true"
"kroD100_or10.txt","6","123456794","1000","20","5000","500","1500","89.862099128","89.6676611922","89.6676611918","89.6679","0.0002663251843854308","4306","90620","118","22.02928","90.5415","true","true"
"kroD100_or10.txt","7","123456795","1000","20","5000","500","1500","89.862099128","89.6676611896","89.6676611896","89.6679","0.00026632763787952325","4154","109304","84","41.146136","109.225","true","true"
"kroD100_or10.txt","8","123456796","1000","20","5000","500","1500","89.8598912072","89.6676611893","89.6676611893","89.6679","0.0002663279724375346","4189","69207","103","1.679078","69.1338","true","true"
"kroD100_or10.txt","9","123456797","1000","20","5000","500","1500","89.862099128","89.6676611894","89.6676611894","89.6679","0.000266327860928763","4294","80842","95","9.442587","80.7698","true","true"
"kroD100_or10.txt","10","123456798","1000","20","5000","500","1500","89.862099128","89.6676611894","89.6676611894","89.6679","0.000266327860928763","4210","95361","84","27.049428","95.2877","true","true"
"kroD100_or10.txt","11","123456799","1000","20","5000","500","1500","89.8663561262","89.6676611893","89.6676611893","89.6679","0.0002663279724375346","4331","75476","99","8.056549","75.4043","true","true"
"kroD100_or10.txt","12","123456800","1000","20","5000","500","1500","89.862099128","89.6676611892","89.6676611892","89.6679","0.0002663280839621545","4482","75459","98","4.098063","75.3916","true","true"
"kroD100_or10.txt","13","123456801","1000","20","5000","500","1500","89.862099128","89.6676611905","89.6676611905","89.6679","0.00026632663417379263","4444","89900","87","18.81723","89.826","true","true"
"kroD100_or10.txt","14","123456802","1000","20","5000","500","1500","89.862099128","89.6676611892","89.6676611892","89.6679","0.0002663280839621545","4449","76720","89","6.710416","76.6501","true","true"
"kroD100_or10.txt","15","123456803","1000","20","5000","500","1500","89.862099128","89.6676611892","89.6676611892","89.6679","0.0002663280839621545","4474","77233","98","4.381359","77.1605","true","true"
"kroD100_or10.txt","16","123456804","1000","20","5000","500","1500","89.862099128","89.6676611895","89.6676611895","89.6679","0.00026632774940414314","4405","84437","91","12.620328","84.3647","true","true"
"kroD100_or10.txt","17","123456805","1000","20","5000","500","1500","89.862099128","89.6676611892","89.6676611892","89.6679","0.0002663280839621545","4384","107846","90","37.307541","107.772","true","true"
"kroD100_or10.txt","18","123456806","1000","20","5000","500","1500","89.862099128","89.6676611893","89.6676611893","89.6679","0.0002663279724375346","3883","71871","84","7.881979","71.8084","true","true"
"kroD100_or10.txt","19","123456807","1000","20","5000","500","1500","89.8583687753","89.6676611903","89.6676611902","89.6679","0.0002663269687476523","4065","67739","72","3.15053","67.6756","true","true"
"kroD100_or10.txt","20","123456808","1000","20","5000","500","1500","89.862099128","89.6676611896","89.6676611896","89.6679","0.00026632763787952325","4055","88569","79","21.592798","88.5023","true","true"
"kroD100_or2.txt","1","123456789","1000","20","5000","500","1500","159.5927857942","159.0338341233","159.0338341223","159.037","0.0019906548161831507","8125","207714","122","133.589738","207.589","true","true"
"kroD100_or2.txt","2","123456790","1000","20","5000","500","1500","159.6364613827","159.0338341182","159.0338341182","159.037","0.0019906573942009174","7927","86086","114","12.32999","86.0105","true","true"
"kroD100_or2.txt","3","123456791","1000","20","5000","500","1500","159.618342086","159.0338341188","159.0338341188","159.037","0.0019906570169234868","5904","60403","113","1.785523","60.3472","true","true"
"kroD100_or2.txt","4","123456792","1000","20","5000","500","1500","159.5927857942","159.0338341182","159.0338341182","159.037","0.0019906573942009174","7867","98381","124","25.28653","98.3055","true","true"
"kroD100_or2.txt","5","123456793","1000","20","5000","500","1500","159.6299597314","159.0338341187","159.0338341187","159.037","0.001990657079794123","7543","106963","117","34.764245","106.887","true","true"
"kroD100_or2.txt","6","123456794","1000","20","5000","500","1500","159.5927857942","159.0338341184","159.0338341184","159.037","0.001990657268441774","7470","115719","131","38.679997","115.647","true","true"
"kroD100_or2.txt","7","123456795","1000","20","5000","500","1500","159.618342086","159.0338341193","159.0338341192","159.037","0.0019906567654051992","7320","85732","126","14.280287","85.662","true","true"
"kroD100_or2.txt","8","123456796","1000","20","5000","500","1500","159.5927857942","159.0338341186","159.0338341186","159.037","0.0019906571426826303","7665","90560","117","21.596333","90.4874","true","true"
"kroD100_or2.txt","9","123456797","1000","20","5000","500","1500","159.6364729916","159.0338341188","159.0338341188","159.037","0.0019906570169234868","7665","77407","118","4.541121","77.3376","true","true"
"kroD100_or2.txt","10","123456798","1000","20","5000","500","1500","159.5927857942","159.0338341183","159.0338341183","159.037","0.00199065733131241","7463","114004","131","37.973498","113.928","true","true"
"kroD100_or2.txt","11","123456799","1000","20","5000","500","1500","159.5927857942","159.0338341189","159.0338341188","159.037","0.0019906570169234868","7570","122144","127","50.001946","122.063","true","true"
"kroD100_or2.txt","12","123456800","1000","20","5000","500","1500","159.5927857942","159.0338341181","159.0338341181","159.037","0.0019906574570715536","7757","96739","121","23.098229","96.6641","true","true"
"kroD100_or2.txt","13","123456801","1000","20","5000","500","1500","159.5927857942","159.0338341184","159.0338341184","159.037","0.001990657268441774","7851","77276","127","1.907581","77.2069","true","true"
"kroD100_or2.txt","14","123456802","1000","20","5000","500","1500","159.5927857942","159.0338341183","159.0338341183","159.037","0.00199065733131241","7935","98157","132","23.039654","98.0807","true","true"
"kroD100_or2.txt","15","123456803","1000","20","5000","500","1500","159.5927857942","159.0338341185","159.0338341185","159.037","0.0019906572055532665","7797","93089","143","16.197311","93.0092","true","true"
"kroD100_or2.txt","16","123456804","1000","20","5000","500","1500","159.6364669676","159.0338341188","159.0338341188","159.037","0.0019906570169234868","7699","89976","118","15.184261","89.9086","true","true"
"kroD100_or2.txt","17","123456805","1000","20","5000","500","1500","159.5927857942","159.0338341185","159.0338341185","159.037","0.0019906572055532665","7800","98585","126","24.099197","98.5105","true","true"
"kroD100_or2.txt","18","123456806","1000","20","5000","500","1500","159.618342086","159.0338341202","159.0338341202","159.037","0.001990656136627352","6782","88217","114","18.745012","88.1498","true","true"
"kroD100_or2.txt","19","123456807","1000","20","5000","500","1500","159.618342086","159.0338341182","159.0338341182","159.037","0.0019906573942009174","7314","80671","133","11.451624","80.6036","true","true"
"kroD100_or2.txt","20","123456808","1000","20","5000","500","1500","159.618342086","159.0338341195","159.0338341195","159.037","0.0019906565767754195","7092","107196","130","37.179622","107.12","true","true"
"kroD100_or30.txt","1","123456789","1000","20","5000","500","1500","58.5652954464","58.5411231363","58.5411231363","58.5412","0.00013129847014094334","2025","65604","77","2.342062","65.5252","true","true"
"kroD100_or30.txt","2","123456790","1000","20","5000","500","1500","58.5504579464","58.5411231363","58.5411231363","58.5412","0.00013129847014094334","1880","66943","106","2.008395","66.8729","true","true"
"kroD100_or30.txt","3","123456791","1000","20","5000","500","1500","58.5531986562","58.5411231363","58.5411231363","58.5412","0.00013129847014094334","1780","52557","68","1.572057","52.5063","true","true"
"kroD100_or30.txt","4","123456792","1000","20","5000","500","1500","58.5538441432","58.5411231363","58.5411231363","58.5412","0.00013129847014094334","1852","67341","157","2.327531","67.2717","true","true"
"kroD100_or30.txt","5","123456793","1000","20","5000","500","1500","58.5471604908","58.5411231363","58.5411231363","58.5412","0.00013129847014094334","1899","64975","86","2.06161","64.9069","true","true"
"kroD100_or30.txt","6","123456794","1000","20","5000","500","1500","58.5574423513","58.5411231363","58.5411231363","58.5412","0.00013129847014094334","1872","65039","83","2.028296","64.9695","true","true"
"kroD100_or30.txt","7","123456795","1000","20","5000","500","1500","58.5574423513","58.5411231363","58.5411231363","58.5412","0.00013129847014094334","1799","62583","90","2.026103","62.519","true","true"
"kroD100_or30.txt","8","123456796","1000","20","5000","500","1500","58.5480013013","58.5411231363","58.5411231363","58.5412","0.00013129847014094334","1821","63261","95","1.923617","63.1998","true","true"
"kroD100_or30.txt","9","123456797","1000","20","5000","500","1500","58.5464434045","58.5411231363","58.5411231363","58.5412","0.00013129847014094334","1928","66253","102","2.084765","66.185","true","true"
"kroD100_or30.txt","10","123456798","1000","20","5000","500","1500","58.5574423513","58.5411231363","58.5411231363","58.5412","0.00013129847014094334","1885","64694","81","1.8902","64.6247","true","true"
"kroD100_or30.txt","11","123456799","1000","20","5000","500","1500","58.5574423513","58.5411231363","58.5411231363","58.5412","0.00013129847014094334","1891","64629","107","2.119094","64.5558","true","true"
"kroD100_or30.txt","12","123456800","1000","20","5000","500","1500","58.5574423513","58.5411231363","58.5411231363","58.5412","0.00013129847014094334","1960","68271","104","1.959616","68.2037","true","true"
"kroD100_or30.txt","13","123456801","1000","20","5000","500","1500","58.5574423513","58.5411231363","58.5411231363","58.5412","0.00013129847014094334","1932","66122","162","2.085984","66.0528","true","true"
"kroD100_or30.txt","14","123456802","1000","20","5000","500","1500","58.5574423513","58.5411231363","58.5411231363","58.5412","0.00013129847014094334","1929","67797","116","2.154142","67.7266","true","true"
"kroD100_or30.txt","15","123456803","1000","20","5000","500","1500","58.5574423513","58.5411231363","58.5411231363","58.5412","0.00013129847014094334","1954","66631","85","1.923433","66.5648","true","true"
"kroD100_or30.txt","16","123456804","1000","20","5000","500","1500","58.5574423513","58.5411231364","58.5411231363","58.5412","0.00013129847014094334","1956","66509","107","2.062689","66.4344","true","true"
"kroD100_or30.txt","17","123456805","1000","20","5000","500","1500","58.5574423513","58.5411231363","58.5411231363","58.5412","0.00013129847014094334","1946","66246","100","2.297203","66.1769","true","true"
"kroD100_or30.txt","18","123456806","1000","20","5000","500","1500","58.55276753","58.5411231363","58.5411231363","58.5412","0.00013129847014094334","1697","59025","91","1.897171","58.8852","true","true"
"kroD100_or30.txt","19","123456807","1000","20","5000","500","1500","58.5558957995","58.5411231364","58.5411231364","58.5412","0.0001312982993180278","1771","61584","90","1.830445","61.5209","true","true"
"kroD100_or30.txt","20","123456808","1000","20","5000","500","1500","58.5575406095","58.5411231363","58.5411231363","58.5412","0.00013129847014094334","1889","62473","108","1.867125","62.4081","true","true"
"kroD100rdmRad.txt","1","123456789","1000","20","5000","500","1500","142.1809129635","141.8288733019","141.8288733019","141.829","8.933158946233115E-05","6354","72356","155","1.80539","72.2737","true","true"
"kroD100rdmRad.txt","2","123456790","1000","20","5000","500","1500","142.1809129635","141.8288733026","141.8288733026","141.829","8.933109591144836E-05","5764","73082","179","5.362954","73.0094","true","true"
"kroD100rdmRad.txt","3","123456791","1000","20","5000","500","1500","142.1809129635","141.828873302","141.828873302","141.829","8.933151894361108E-05","4671","60238","163","4.858665","60.1845","true","true"
"kroD100rdmRad.txt","4","123456792","1000","20","5000","500","1500","142.1809129635","141.8288733019","141.8288733019","141.829","8.933158946233115E-05","5807","72904","202","4.73808","72.8314","true","true"
"kroD100rdmRad.txt","5","123456793","1000","20","5000","500","1500","142.1809129635","141.8288733027","141.8288733027","141.829","8.933102539272829E-05","5893","71566","172","3.244746","71.495","true","true"
"kroD100rdmRad.txt","6","123456794","1000","20","5000","500","1500","142.1809129635","141.828873303","141.8288733026","141.829","8.933109591144836E-05","5775","71203","185","2.224219","71.137","true","true"
"kroD100rdmRad.txt","7","123456795","1000","20","5000","500","1500","142.1809129635","141.8288733048","141.8288733048","141.829","8.932954474007989E-05","5628","66824","149","2.183757","66.7608","true","true"
"kroD100rdmRad.txt","8","123456796","1000","20","5000","500","1500","142.1809129635","141.8288733018","141.8288733018","141.829","8.93316599610118E-05","5722","68761","183","1.991178","68.6962","true","true"
"kroD100rdmRad.txt","9","123456797","1000","20","5000","500","1500","142.1809129635","141.8288733109","141.8288733101","141.829","8.932580784909888E-05","5940","73609","128","5.64126","73.5407","true","true"
"kroD100rdmRad.txt","10","123456798","1000","20","5000","500","1500","142.1809129635","141.828873303","141.828873303","141.829","8.933081387664693E-05","5783","73565","136","2.336381","73.4964","true","true"
"kroD100rdmRad.txt","11","123456799","1000","20","5000","500","1500","142.1809129635","141.8288733021","141.828873302","141.829","8.933151894361108E-05","5788","70545","231","1.736469","70.4758","true","true"
"kroD100rdmRad.txt","12","123456800","1000","20","5000","500","1500","142.1809129635","141.8288733018","141.8288733018","141.829","8.93316599610118E-05","6007","73957","157","1.681363","73.8926","true","true"
"kroD100rdmRad.txt","13","123456801","1000","20","5000","500","1500","142.1809129635","141.8288733023","141.8288733023","141.829","8.933130742752972E-05","5958","71192","147","1.755173","71.1258","true","true"
"kroD100rdmRad.txt","14","123456802","1000","20","5000","500","1500","142.1809129635","141.8288733029","141.8288733029","141.829","8.933088437532757E-05","6047","74331","154","1.906366","74.2468","true","true"
"kroD100rdmRad.txt","15","123456803","1000","20","5000","500","1500","142.1809129635","141.8288733025","141.8288733025","141.829","8.9331166410129E-05","6062","72625","191","2.164338","72.5595","true","true"
"kroD100rdmRad.txt","16","123456804","1000","20","5000","500","1500","142.1809129635","141.8288733025","141.8288733025","141.829","8.9331166410129E-05","6238","72481","141","2.538623","72.4161","true","true"
"kroD100rdmRad.txt","17","123456805","1000","20","5000","500","1500","142.1809129635","141.8288733025","141.8288733025","141.829","8.9331166410129E-05","5984","73730","211","1.86986","73.6671","true","true"
"kroD100rdmRad.txt","18","123456806","1000","20","5000","500","1500","142.1809129635","141.8288733033","141.8288733032","141.829","8.933067285924621E-05","5297","68697","122","2.870482","68.6377","true","true"
"kroD100rdmRad.txt","19","123456807","1000","20","5000","500","1500","142.1809129635","141.8288733041","141.8288733038","141.829","8.933024980704406E-05","5521","66894","103","3.115571","66.8322","true","true"
"kroD100rdmRad.txt","20","123456808","1000","20","5000","500","1500","142.1809129635","141.8288733025","141.8288733025","141.829","8.9331166410129E-05","5519","68196","148","1.922981","68.1309","true","true"
"lin318_or10.txt","1","123456789","1000","20","5000","500","1500","1405.7223672046","1394.6173972321","1394.6173972321","1394.63","0.0009036639036901866","17550","396590","214","217.056564","396.47","true","true"
"lin318_or10.txt","2","123456790","1000","20","5000","500","1500","1404.9999595339","1394.9169023772","1394.8910769625","1394.63","-0.018720159648066392","16309","184816","228","15.170226","184.742","true","true"
"lin318_or10.txt","3","123456791","1000","20","5000","500","1500","1403.5006656351","1394.6176370874","1394.6175742407","1394.63","0.0008909717487925647","12810","198714","123","42.707049","198.64","true","true"
"lin318_or10.txt","4","123456792","1000","20","5000","500","1500","1403.9198852218","1394.6173975373","1394.6173974932","1394.63","0.0009036451818777545","16410","175751","171","6.736911","175.676","true","true"
"lin318_or10.txt","5","123456793","1000","20","5000","500","1500","1404.9251289032","1394.6177303151","1394.6177303151","1394.63","0.0008797806515023805","16283","369954","178","199.087008","369.843","true","true"
"lin318_or10.txt","6","123456794","1000","20","5000","500","1500","1405.9463495284","1394.6173972209","1394.6173972208","1394.63","0.0009036647139421475","16343","245331","185","82.486697","245.249","true","true"
"lin318_or10.txt","7","123456795","1000","20","5000","500","1500","1403.5006656351","1394.6284239183","1394.6284239068","1394.63","0.00011301156580085939","15909","479450","175","310.746828","479.31","true","true"
"lin318_or10.txt","8","123456796","1000","20","5000","500","1500","1405.0137054175","1394.6173975191","1394.6173974663","1394.63","0.0009036471107137034","16038","341878","158","171.654896","341.782","true","true"
"lin318_or10.txt","9","123456797","1000","20","5000","500","1500","1403.5920663106","1394.6188733702","1394.6185617875","1394.63","0.0008201610821525957","16340","280835","159","110.625025","280.746","true","true"
"lin318_or10.txt","10","123456798","1000","20","5000","500","1500","1405.9463495284","1394.6206549041","1394.6206548505","1394.63","0.000670080917532054","16581","282419","162","112.386483","282.336","true","true"
"lin318_or10.txt","11","123456799","1000","20","5000","500","1500","1405.9463495284","1394.6195982724","1394.619452665","1394.63","0.0007562819529325348","16353","360572","238","190.17719","360.447","true","true"
"lin318_or10.txt","12","123456800","1000","20","5000","500","1500","1405.9463495284","1394.6174887927","1394.6174887914","1394.63","0.0008970987717184628","16655","406977","176","231.648834","406.849","true","true"
"lin318_or10.txt","13","123456801","1000","20","5000","500","1500","1405.9463495284","1394.9589364238","1394.9563040437","1394.63","-0.0233971765772852","16751","254018","196","84.291278","253.932","true","true"
"lin318_or10.txt","14","123456802","1000","20","5000","500","1500","1405.9463495284","1394.6173976104","1394.6173976065","1394.63","0.0009036370578701162","17009","482812","212","311.716305","482.681","true","true"
"lin318_or10.txt","15","123456803","1000","20","5000","500","1500","1405.9463495284","1394.8331069541","1394.8331069208","1394.63","-0.014563498619697164","16887","182637","166","12.822278","182.558","true","true"
"lin318_or10.txt","16","123456804","1000","20","5000","500","1500","1401.8693761246","1394.617488746","1394.6174887458","1394.63","0.0008971020414041848","16800","323097","217","155.189183","323.001","true","true"
"lin318_or10.txt","17","123456805","1000","20","5000","500","1500","1405.7232469105","1394.6216037588","1394.6216037527","1394.63","0.000602041208076515","16881","259784","233","89.187769","259.698","true","true"
"lin318_or10.txt","18","123456806","1000","20","5000","500","1500","1403.5006656351","1394.6367349349","1394.633191968","1394.63","-0.00022887561573913646","15543","285030","246","126.355953","284.942","true","true"
"lin318_or10.txt","19","123456807","1000","20","5000","500","1500","1403.5006656351","1394.617489296","1394.6174892931","1394.63","0.0008970627980182795","15488","555713","161","402.573661","555.552","true","true"
"lin318_or10.txt","20","123456808","1000","20","5000","500","1500","1403.5006656351","1394.6575930558","1394.6575930558","1394.63","-0.001978521600696822","15374","161578","155","5.861065","161.51","true","true"
"lin318_or2.txt","1","123456789","1000","20","5000","500","1500","2831.9864207153","2818.2128549581","2818.2128549511","2816.58","-0.0579729654794092","36204","998388","366","816.07719","998.164","true","true"
"lin318_or2.txt","2","123456790","1000","20","5000","500","1500","2836.3271416951","2818.8010398836","2818.8010398798","2816.58","-0.07885591319260143","33248","324553","288","158.513714","324.454","true","true"
"lin318_or2.txt","3","123456791","1000","20","5000","500","1500","2834.2151931826","2818.2134354","2818.2134353997","2816.58","-0.05799357375611273","28154","573052","213","414.915546","572.91","true","true"
"lin318_or2.txt","4","123456792","1000","20","5000","500","1500","2835.8019835479","2818.1543781791","2818.1543781463","2816.58","-0.05589680201876762","33826","498702","304","330.551175","498.556","true","true"
"lin318_or2.txt","5","123456793","1000","20","5000","500","1500","2834.1024513774","2817.1395750001","2817.1395749946","2816.58","-0.019867179153444884","33767","844780","327","664.498942","844.576","true","true"
"lin318_or2.txt","6","123456794","1000","20","5000","500","1500","2829.8746745949","2818.6691528999","2818.6691528157","2816.58","-0.07417338814093298","33111","636840","315","469.811379","636.678","true","true"
"lin318_or2.txt","7","123456795","1000","20","5000","500","1500","2834.2151931826","2818.2894528575","2818.2894528423","2816.58","-0.06069250091600184","32346","629138","296","467.107591","628.988","true","true"
"lin318_or2.txt","8","123456796","1000","20","5000","500","1500","2832.3421239775","2818.3324391004","2818.3324390997","2816.58","-0.06221868719156001","32625","889689","317","719.260637","889.485","true","true"
"lin318_or2.txt","9","123456797","1000","20","5000","500","1500","2835.6515270107","2818.4811687353","2818.481168735","2816.58","-0.06749919175028876","33509","426972","308","261.430022","426.839","true","true"
"lin318_or2.txt","10","123456798","1000","20","5000","500","1500","2829.8746745949","2818.3756023794","2818.3756023678","2816.58","-0.06375115806404422","33722","376519","325","203.306023","376.4","true","true"
"lin318_or2.txt","11","123456799","1000","20","5000","500","1500","2829.8746745949","2820.8548231513","2820.8548231512","2816.58","-0.15177353922842785","33221","384195","287","216.387664","384.073","true","true"
"lin318_or2.txt","12","123456800","1000","20","5000","500","1500","2829.8746745949","2818.2990458025","2818.2990458015","2816.58","-0.061033089828807105","34049","561558","305","390.765157","561.411","true","true"
"lin318_or2.txt","13","123456801","1000","20","5000","500","1500","2835.0555276209","2818.2830049203","2818.2830048685","2816.58","-0.06046357172528748","34357","361355","270","185.262726","361.256","true","true"
"lin318_or2.txt","14","123456802","1000","20","5000","500","1500","2829.8746745949","2818.2798252253","2818.2798252132","2816.58","-0.060350681081320474","34952","535445","361","352.400691","535.304","true","true"
"lin318_or2.txt","15","123456803","1000","20","5000","500","1500","2829.8746745949","2818.3801211642","2818.3801211549","2816.58","-0.06391159331174326","34662","506240","328","334.764298","506.098","true","true"
"lin318_or2.txt","16","123456804","1000","20","5000","500","1500","2829.8746745949","2818.256957779","2818.2569577788","2816.58","-0.05953879452385474","34170","665581","313","481.647204","665.408","true","true"
"lin318_or2.txt","17","123456805","1000","20","5000","500","1500","2835.0555276209","2820.972321098","2820.9723210449","2816.58","-0.15594519044018632","34574","634264","303","457.997757","634.107","true","true"
"lin318_or2.txt","18","123456806","1000","20","5000","500","1500","2829.8746745949","2818.2824657782","2818.2824657781","2816.58","-0.06044443183221672","30372","445079","279","287.391831","444.954","true","true"
"lin318_or2.txt","19","123456807","1000","20","5000","500","1500","2834.2151931826","2817.0202800628","2817.0202800565","2816.58","-0.01563172558563531","31365","1106347","291","938.718173","1106.11","true","true"
"lin318_or2.txt","20","123456808","1000","20","5000","500","1500","2834.2151931826","2818.0384330532","2818.0384330526","2816.58","-0.05178028149741735","31348","717944","294","551.184633","717.773","true","true"
"lin318_or30.txt","1","123456789","1000","20","5000","500","1500","766.0555525286","765.9639249542","765.9639249541","765.964","9.797575352831914E-06","10455","118758","227","3.979813","118.679","true","true"
"lin318_or30.txt","2","123456790","1000","20","5000","500","1500","766.0660387751","765.963924954","765.963924954","765.964","9.797588399232313E-06","10398","116133","552","3.138125","116.063","true","true"
"lin318_or30.txt","3","123456791","1000","20","5000","500","1500","766.15627279","765.9639249541","765.9639249541","765.964","9.797575352831914E-06","7935","112638","117","2.495345","112.575","true","true"
"lin318_or30.txt","4","123456792","1000","20","5000","500","1500","766.0494730273","765.9639249543","765.9639249543","765.964","9.797549245188792E-06","9859","116721","149","3.30391","116.653","true","true"
"lin318_or30.txt","5","123456793","1000","20","5000","500","1500","766.1307155537","765.963924954","765.963924954","765.964","9.797588399232313E-06","9868","117109","209","3.55352","117.024","true","true"
"lin318_or30.txt","6","123456794","1000","20","5000","500","1500","766.1332006284","765.9639249556","765.9639249555","765.964","9.797392569645427E-06","9569","114628","202","4.486775","114.56","true","true"
"lin318_or30.txt","7","123456795","1000","20","5000","500","1500","766.15627279","765.9639249542","765.9639249541","765.964","9.797575352831914E-06","10327","107515","195","3.102381","107.446","true","true"
"lin318_or30.txt","8","123456796","1000","20","5000","500","1500","766.1332006284","765.9639249542","765.9639249542","765.964","9.797562291589192E-06","9459","115866","208","4.747066","115.797","true","true"
"lin318_or30.txt","9","123456797","1000","20","5000","500","1500","766.1139742965","765.9639249549","765.9639249549","765.964","9.79747090741711E-06","11671","116306","176","3.599412","116.236","true","true"
"lin318_or30.txt","10","123456798","1000","20","5000","500","1500","766.1332006284","765.9639249541","765.9639249541","765.964","9.797575352831914E-06","9622","113927","168","3.349717","113.856","true","true"
"lin318_or30.txt","11","123456799","1000","20","5000","500","1500","766.1332006284","765.9639249541","765.9639249541","765.964","9.797575352831914E-06","9562","118946","210","3.542704","118.877","true","true"
"lin318_or30.txt","12","123456800","1000","20","5000","500","1500","766.1332006284","765.9639249541","765.9639249541","765.964","9.797575352831914E-06","10108","114881","230","3.334446","114.812","true","true"
"lin318_or30.txt","13","123456801","1000","20","5000","500","1500","766.1332006284","765.963924954","765.963924954","765.964","9.797588399232313E-06","10080","118884","166","3.312479","118.81","true","true"
"lin318_or30.txt","14","123456802","1000","20","5000","500","1500","766.1332006284","765.9639249549","765.9639249549","765.964","9.79747090741711E-06","10193","123359","639","3.822082","123.289","true","true"
"lin318_or30.txt","15","123456803","1000","20","5000","500","1500","766.1332006284","765.9639249543","765.9639249543","765.964","9.797549245188792E-06","10035","118556","372","3.435617","118.481","true","true"
"lin318_or30.txt","16","123456804","1000","20","5000","500","1500","766.1332006284","765.9639249541","765.9639249541","765.964","9.797575352831914E-06","10083","116512","146","3.439941","116.418","true","true"
"lin318_or30.txt","17","123456805","1000","20","5000","500","1500","766.0796503156","765.9639249543","765.9639249543","765.964","9.797549245188792E-06","10194","119398","223","3.244209","119.321","true","true"
"lin318_or30.txt","18","123456806","1000","20","5000","500","1500","766.1332006284","765.9639249543","765.9639249543","765.964","9.797549245188792E-06","9039","108018","177","3.523685","107.945","true","true"
"lin318_or30.txt","19","123456807","1000","20","5000","500","1500","766.15627279","765.9639249549","765.9639249549","765.964","9.79747090741711E-06","9070","109150","166","3.145614","109.071","true","true"
"lin318_or30.txt","20","123456808","1000","20","5000","500","1500","766.15627279","765.9639249541","765.963924954","765.964","9.797588399232313E-06","9142","105743","175","3.984996","105.679","true","true"
"lin318rdmRad.txt","1","123456789","1000","20","5000","500","1500","2051.9501014619","2047.1064694281","2047.1064694279","2047.11","0.0001724661644885807","8609","91493","405","1.839658","91.4256","true","true"
"lin318rdmRad.txt","2","123456790","1000","20","5000","500","1500","2051.9501014619","2047.1064694254","2047.1064694254","2047.11","0.00017246628661067286","7984","86246","329","2.496261","86.1784","true","true"
"lin318rdmRad.txt","3","123456791","1000","20","5000","500","1500","2051.9501014619","2047.1064694258","2047.1064694251","2047.11","0.00017246630127198818","6653","78426","271","2.215081","78.3682","true","true"
"lin318rdmRad.txt","4","123456792","1000","20","5000","500","1500","2051.9501014619","2047.1064694295","2047.1064694295","2047.11","0.00017246608632822026","7896","90037","313","3.143831","89.9691","true","true"
"lin318rdmRad.txt","5","123456793","1000","20","5000","500","1500","2051.9501014619","2047.1064694192","2047.1064694192","2047.11","0.00017246658947790434","7936","105296","369","19.701701","105.223","true","true"
"lin318rdmRad.txt","6","123456794","1000","20","5000","500","1500","2051.9501014619","2047.10646942","2047.1064694199","2047.11","0.00017246655529038274","7927","89048","318","4.292587","88.9802","true","true"
"lin318rdmRad.txt","7","123456795","1000","20","5000","500","1500","2051.9501014619","2047.1064694187","2047.1064694187","2047.11","0.00017246661390232277","7555","84434","340","2.577559","84.3681","true","true"
"lin318rdmRad.txt","8","123456796","1000","20","5000","500","1500","2051.9501014619","2047.1069176424","2047.1069176424","2047.11","0.00015057117594321232","7969","92652","350","4.625589","92.5851","true","true"
"lin318rdmRad.txt","9","123456797","1000","20","5000","500","1500","2051.9501014619","2047.1064694185","2047.1064694185","2047.11","0.00017246662367653297","7797","87828","304","1.976193","87.7592","true","true"
"lin318rdmRad.txt","10","123456798","1000","20","5000","500","1500","2051.9501014619","2047.1064694197","2047.1064694197","2047.11","0.00017246656505348588","7937","90102","341","3.122156","90.0334","true","true"
"lin318rdmRad.txt","11","123456799","1000","20","5000","500","1500","2051.9501014619","2047.1064694243","2047.1064694243","2047.11","0.00017246634034661485","7847","85392","265","2.0501","85.3274","true","true"
"lin318rdmRad.txt","12","123456800","1000","20","5000","500","1500","2051.9501014619","2047.1064694219","2047.1064694215","2047.11","0.00017246647713002234","8126","97739","318","9.46438","97.6698","true","true"
"lin318rdmRad.txt","13","123456801","1000","20","5000","500","1500","2051.9501014619","2047.1064694242","2047.1064694242","2047.11","0.00017246634523371995","8078","91685","340","2.507055","91.6172","true","true"
"lin318rdmRad.txt","14","123456802","1000","20","5000","500","1500","2051.9501014619","2047.1064694236","2047.1064694236","2047.11","0.00017246637454524348","8156","91574","345","6.213992","91.5069","true","true"
"lin318rdmRad.txt","15","123456803","1000","20","5000","500","1500","2051.9501014619","2047.10646942","2047.10646942","2047.11","0.00017246655040327764","8110","94674","318","6.470389","94.6057","true","true"
"lin318rdmRad.txt","16","123456804","1000","20","5000","500","1500","2051.9501014619","2047.1064694191","2047.1064694191","2047.11","0.00017246659436500944","8032","90331","303","5.098389","90.2591","true","true"
"lin318rdmRad.txt","17","123456805","1000","20","5000","500","1500","2051.9501014619","2047.1064694251","2047.106469425","2047.11","0.00017246630615909327","8154","89966","370","2.850094","89.8863","true","true"
"lin318rdmRad.txt","18","123456806","1000","20","5000","500","1500","2051.9501014619","2047.1064694292","2047.1064694291","2047.11","0.00017246610587664065","7335","83200","335","1.782361","83.1375","true","true"
"lin318rdmRad.txt","19","123456807","1000","20","5000","500","1500","2051.9501014619","2047.1064694205","2047.1064694205","2047.11","0.0001724665259788592","7418","83149","376","2.113596","83.0855","true","true"
"lin318rdmRad.txt","20","123456808","1000","20","5000","500","1500","2051.9501014619","2047.1064694222","2047.1064694222","2047.11","0.0001724664429313937","7432","83790","287","2.355561","83.7071","true","true"
"pcb442_or10.txt","1","123456789","1000","20","5000","500","1500","143.1470752951","142.6885292965","142.6885292947","142.573","-0.08103167829813246","23551","399482","227","176.316041","399.38","true","true"
"pcb442_or10.txt","2","123456790","1000","20","5000","500","1500","143.1217471197","142.6556946537","142.6556946534","142.573","-0.05800162260735416","21774","208057","378","15.400548","207.981","true","true"
"pcb442_or10.txt","3","123456791","1000","20","5000","500","1500","143.2500334928","142.7574644862","142.757464486","142.573","-0.12938248195660887","19751","194152","203","4.703633","194.084","true","true"
"pcb442_or10.txt","4","123456792","1000","20","5000","500","1500","143.1470752951","142.6469998656","142.6469940125","142.573","-0.051899035932456004","21743","207836","265","6.533418","207.756","true","true"
"pcb442_or10.txt","5","123456793","1000","20","5000","500","1500","143.1878428486","142.7562332696","142.7558436031","142.573","-0.1282456026737157","21671","334253","217","140.656623","334.163","true","true"
"pcb442_or10.txt","6","123456794","1000","20","5000","500","1500","143.1365342488","142.7825445461","142.7825445459","142.573","-0.14697351244625687","22330","222398","218","26.408368","222.319","true","true"
"pcb442_or10.txt","7","123456795","1000","20","5000","500","1500","143.2500334928","142.5926708821","142.5922097571","142.573","-0.01347362901810742","20954","391736","198","199.512289","391.639","true","true"
"pcb442_or10.txt","8","123456796","1000","20","5000","500","1500","143.1845890049","142.6793952689","142.6793952315","142.573","-0.07462509135670013","21510","214101","274","20.026354","214.021","true","true"
"pcb442_or10.txt","9","123456797","1000","20","5000","500","1500","143.1470752951","142.7292983499","142.7292983496","142.573","-0.10962689260938521","21988","269685","228","66.218574","269.598","true","true"
"pcb442_or10.txt","10","123456798","1000","20","5000","500","1500","143.1365342488","142.6808589458","142.6715593021","142.573","-0.0691290090690383","21863","392436","235","184.77719","392.337","true","true"
"pcb442_or10.txt","11","123456799","1000","20","5000","500","1500","143.1365342488","142.6964621809","142.6964621808","142.573","-0.08659576553765738","21544","561613","202","362.136653","561.474","true","true"
"pcb442_or10.txt","12","123456800","1000","20","5000","500","1500","143.2616143418","142.6936876771","142.6926403472","142.573","-0.08391515027389777","22034","217179","266","19.147251","217.101","true","true"
"pcb442_or10.txt","13","123456801","1000","20","5000","500","1500","143.2616143418","142.7170201788","142.7131366503","142.573","-0.09829115631990576","22309","213150","422","12.475767","213.067","true","true"
"pcb442_or10.txt","14","123456802","1000","20","5000","500","1500","143.1365342488","142.677475857","142.6744640651","142.573","-0.0711663955307131","22331","216342","230","9.490994","216.263","true","true"
"pcb442_or10.txt","15","123456803","1000","20","5000","500","1500","143.1365342488","142.6826460756","142.6805286146","142.573","-0.07542004068091407","23922","329651","279","124.61652","329.556","true","true"
"pcb442_or10.txt","16","123456804","1000","20","5000","500","1500","143.1365342488","142.6243200015","142.6210522944","142.573","-0.03370364262516756","20910","259440","297","57.076752","259.355","true","true"
"pcb442_or10.txt","17","123456805","1000","20","5000","500","1500","143.1365342488","142.6320622939","142.6320622931","142.573","-0.041426001486956465","22254","235953","188","38.989629","235.872","true","true"
"pcb442_or10.txt","18","123456806","1000","20","5000","500","1500","143.1365342488","142.7275264749","142.7082952733","142.573","-0.09489543833684368","20218","192396","257","5.532114","192.324","true","true"
"pcb442_or10.txt","19","123456807","1000","20","5000","500","1500","143.2500334928","142.6442214648","142.6423682255","142.573","-0.04865453171357822","20347","355505","199","161.190064","355.412","true","true"
"pcb442_or10.txt","20","123456808","1000","20","5000","500","1500","143.2500334928","142.6805174391","142.6805174352","142.573","-0.07541219950480145","20571","330810","238","136.831664","330.72","true","true"
"pcb442_or2.txt","1","123456789","1000","20","5000","500","1500","333.7853587312","319.7670721606","319.7670721606","319.846","0.02467682553479595","54173","27855886","369","901.953042","27855.7","true","true"
"pcb442_or2.txt","2","123456790","1000","20","5000","500","1500","334.0766885512","320.2073615043","320.2073615039","319.846","-0.1129798415174846","48263","1504921","465","1143.75714","1504.66","true","true"
"pcb442_or2.txt","3","123456791","1000","20","5000","500","1500","333.2837129533","320.2549572287","320.2548377885","319.846","-0.12782332388087478","45522","1186826","310","957.807011","1186.65","true","true"
"pcb442_or2.txt","4","123456792","1000","20","5000","500","1500","333.7411682529","319.9028373164","319.9028373154","319.846","-0.017770212977496296","48668","1325161","407","1039.285651","1324.95","true","true"
"pcb442_or2.txt","5","123456793","1000","20","5000","500","1500","333.3403596822","319.9210725827","319.9209835079","319.846","-0.02344362846495343","48996","1191274","328","899.610601","1191.09","true","true"
"pcb442_or2.txt","6","123456794","1000","20","5000","500","1500","333.4320213556","319.659606395","319.6596063946","319.846","0.058276047035130986","47489","1205816","332","930.28348","1205.62","true","true"
"pcb442_or2.txt","7","123456795","1000","20","5000","500","1500","333.2837129533","320.2751538664","320.2751538655","319.846","-0.1341751547619742","47053","1350365","389","1074.266018","1350.14","true","true"
"pcb442_or2.txt","8","123456796","1000","20","5000","500","1500","333.5046463353","319.8839450045","319.8839450035","319.846","-0.011863522914152146","47607","1192356","372","913.779596","1192.18","true","true"
"pcb442_or2.txt","9","123456797","1000","20","5000","500","1500","333.7411682529","320.0197532083","320.0197532073","319.846","-0.05432402071622714","49918","873584","372","592.70137","873.44","true","true"
"pcb442_or2.txt","10","123456798","1000","20","5000","500","1500","333.4320213556","319.7755160348","319.7755160338","319.846","0.02203684466900177","49046","1172695","318","882.367501","1172.52","true","true"
"pcb442_or2.txt","11","123456799","1000","20","5000","500","1500","333.4320213556","320.2859549946","320.2859549946","319.846","-0.13755213277639444","48003","2249387","354","1961.832431","2249.06","true","true"
"pcb442_or2.txt","12","123456800","1000","20","5000","500","1500","333.4320213556","319.8034003825","319.8034003819","319.846","0.013318790324088649","49237","1202375","346","923.575389","1202.19","true","true"
"pcb442_or2.txt","13","123456801","1000","20","5000","500","1500","333.4320213556","319.7742324051","319.7741225198","319.846","0.022472527466339137","49972","1543179","412","1253.994649","1542.96","true","true"
"pcb442_or2.txt","14","123456802","1000","20","5000","500","1500","333.4320213556","319.8852661495","319.8852661482","319.846","-0.012276579416343929","52056","1104562","325","823.590803","1104.39","true","true"
"pcb442_or2.txt","15","123456803","1000","20","5000","500","1500","333.4320213556","320.3059771252","320.3059771251","319.846","-0.1438120611481809","50524","1893559","339","1610.029026","1893.29","true","true"
"pcb442_or2.txt","16","123456804","1000","20","5000","500","1500","333.4320213556","319.8410308478","319.8410308467","319.846","0.0015536080801416996","49605","1348460","448","1049.927054","1348.25","true","true"
"pcb442_or2.txt","17","123456805","1000","20","5000","500","1500","333.4320213556","319.937484488","319.9374844879","319.846","-0.028602667502486915","49806","981900","399","697.846208","981.736","true","true"
"pcb442_or2.txt","18","123456806","1000","20","5000","500","1500","333.4320213556","319.8404912307","319.8404912307","319.846","0.0017223192723933147","44595","1656273","350","1390.515058","1656.04","true","true"
"pcb442_or2.txt","19","123456807","1000","20","5000","500","1500","333.2837129533","320.228646807","320.2286468066","319.846","-0.1196347012624849","45159","1290226","345","1024.288863","1290.01","true","true"
"pcb442_or2.txt","20","123456808","1000","20","5000","500","1500","333.2837129533","319.8699483338","319.8699483336","319.846","-0.0074874575889657775","45783","1282544","334","1016.029312","1282.33","true","true"
"pcb442_or30.txt","1","123456789","1000","20","5000","500","1500","83.5379383925","83.537229517","83.537229517","83.5373","8.437308843090023E-05","15991","572282","863","5.195507","572.136","true","true"
"pcb442_or30.txt","2","123456790","1000","20","5000","500","1500","83.5426085303","83.537229517","83.537229517","83.5373","8.437308843090023E-05","14966","176586","964","5.122003","176.511","true","true"
"pcb442_or30.txt","3","123456791","1000","20","5000","500","1500","83.5426085303","83.537229517","83.537229517","83.5373","8.437308843090023E-05","13766","166311","699","4.22051","166.251","true","true"
"pcb442_or30.txt","4","123456792","1000","20","5000","500","1500","83.5426085303","83.5372295171","83.5372295171","83.5373","8.437296872175877E-05","14921","179379","1252","6.276327","179.303","true","true"
"pcb442_or30.txt","5","123456793","1000","20","5000","500","1500","83.5404232889","83.537229517","83.537229517","83.5373","8.437308843090023E-05","15083","186049","1008","5.575166","185.975","true","true"
"pcb442_or30.txt","6","123456794","1000","20","5000","500","1500","83.5407386336","83.537229517","83.537229517","83.5373","8.437308843090023E-05","14613","180272","1024","5.967042","180.2","true","true"
"pcb442_or30.txt","7","123456795","1000","20","5000","500","1500","83.5426085303","83.537229517","83.537229517","83.5373","8.437308843090023E-05","14562","169800","1197","5.367468","169.729","true","true"
"pcb442_or30.txt","8","123456796","1000","20","5000","500","1500","83.5413182211","83.537229517","83.537229517","83.5373","8.437308843090023E-05","14896","176479","795","5.600613","176.406","true","true"
"pcb442_or30.txt","9","123456797","1000","20","5000","500","1500","83.5428046588","83.537229517","83.537229517","83.5373","8.437308843090023E-05","14871","182519","1360","6.434873","182.442","true","true"
"pcb442_or30.txt","10","123456798","1000","20","5000","500","1500","83.5407386336","83.537229517","83.537229517","83.5373","8.437308843090023E-05","15305","178207","969","6.952814","178.127","true","true"
"pcb442_or30.txt","11","123456799","1000","20","5000","500","1500","83.5436554001","83.5372295171","83.5372295171","83.5373","8.437296872175877E-05","14938","171054","1474","6.681661","170.977","true","true"
"pcb442_or30.txt","12","123456800","1000","20","5000","500","1500","83.5427964557","83.537229517","83.537229517","83.5373","8.437308843090023E-05","15436","179876","945","6.142046","179.799","true","true"
"pcb442_or30.txt","13","123456801","1000","20","5000","500","1500","83.5407386336","83.537229517","83.537229517","83.5373","8.437308843090023E-05","15444","181760","1280","6.185144","181.681","true","true"
"pcb442_or30.txt","14","123456802","1000","20","5000","500","1500","83.5407386336","83.537229517","83.537229517","83.5373","8.437308843090023E-05","16686","177582","1137","6.079246","177.498","true","true"
"pcb442_or30.txt","15","123456803","1000","20","5000","500","1500","83.5427964557","83.537229517","83.537229517","83.5373","8.437308843090023E-05","15522","184219","1043","7.738342","184.143","true","true"
"pcb442_or30.txt","16","123456804","1000","20","5000","500","1500","83.5426009401","83.537229517","83.537229517","83.5373","8.437308843090023E-05","15479","186511","1484","5.972971","186.428","true","true"
"pcb442_or30.txt","17","123456805","1000","20","5000","500","1500","83.5426009401","83.537229517","83.537229517","83.5373","8.437308843090023E-05","15517","189272","888","5.978414","189.197","true","true"
"pcb442_or30.txt","18","123456806","1000","20","5000","500","1500","83.5407386336","83.537229517","83.537229517","83.5373","8.437308843090023E-05","14069","159608","974","5.663045","159.533","true","true"
"pcb442_or30.txt","19","123456807","1000","20","5000","500","1500","83.5398532912","83.537229517","83.537229517","83.5373","8.437308843090023E-05","14327","173378","1039","6.380229","173.305","true","true"
"pcb442_or30.txt","20","123456808","1000","20","5000","500","1500","83.5398532912","83.537229517","83.537229517","83.5373","8.437308843090023E-05","14267","168249","1379","5.246037","168.174","true","true"
"pcb442rdmRad.txt","1","123456789","1000","20","5000","500","1500","221.1957397384","219.2833237594","219.2833237594","219.219","-0.02934223739730453","11490","192358","908","102.037164","192.243","true","true"
"pcb442rdmRad.txt","2","123456790","1000","20","5000","500","1500","221.1975141051","219.2188301201","219.2188301201","219.219","7.74932373560751E-05","9566","203593","877","114.484135","203.452","true","true"
"pcb442rdmRad.txt","3","123456791","1000","20","5000","500","1500","221.1286489547","219.2833237584","219.2833237584","219.219","-0.029342236941144514","8675","178661","747","105.468612","178.571","true","true"
"pcb442rdmRad.txt","4","123456792","1000","20","5000","500","1500","221.1957397384","219.2833237638","219.2833237637","219.219","-0.029342239358815934","9882","213264","806","122.628958","213.148","true","true"
"pcb442rdmRad.txt","5","123456793","1000","20","5000","500","1500","221.2294151533","219.2189039137","219.2189039137","219.219","4.383119164149639E-05","10023","294830","883","205.080868","294.701","true","true"
"pcb442rdmRad.txt","6","123456794","1000","20","5000","500","1500","221.1304233215","219.2214750794","219.2214750793","219.219","-0.001129044152200466","9580","362450","784","274.728392","362.302","true","true"
"pcb442rdmRad.txt","7","123456795","1000","20","5000","500","1500","221.1286489547","219.2200823978","219.2200823978","219.219","-0.000493751818965944","9625","424673","907","337.196959","424.5","true","true"
"pcb442rdmRad.txt","8","123456796","1000","20","5000","500","1500","221.2294151533","219.2833237613","219.2833237613","219.219","-0.02934223826402671","9849","225887","843","137.357261","225.765","true","true"
"pcb442rdmRad.txt","9","123456797","1000","20","5000","500","1500","221.1957397384","219.2458197361","219.2458197361","219.219","-0.012234220619567235","9952","293779","880","204.93873","293.644","true","true"
"pcb442rdmRad.txt","10","123456798","1000","20","5000","500","1500","221.1304233215","219.2351643896","219.2351643895","219.219","-0.007373626145546429","10002","212409","774","116.063012","212.297","true","true"
"pcb442rdmRad.txt","11","123456799","1000","20","5000","500","1500","221.1975141051","219.2188301198","219.2188301198","219.219","7.749337420148678E-05","9860","282608","698","194.281593","282.478","true","true"
"pcb442rdmRad.txt","12","123456800","1000","20","5000","500","1500","221.1304233215","219.2833237604","219.2833237604","219.219","-0.02934223785347751","10099","147249","882","58.00302","147.166","true","true"
"pcb442rdmRad.txt","13","123456801","1000","20","5000","500","1500","221.1304233215","219.7511208057","219.7511208057","219.219","-0.2427348020472694","10238","282661","800","191.175548","282.523","true","true"
"pcb442rdmRad.txt","14","123456802","1000","20","5000","500","1500","221.1304233215","219.2188301191","219.2188301191","219.219","7.74936935160907E-05","10286","285503","771","192.064193","285.367","true","true"
"pcb442rdmRad.txt","15","123456803","1000","20","5000","500","1500","221.1304233215","219.8320522024","219.8320522022","219.219","-0.27965285956053504","10263","97697","1028","3.669898","97.6314","true","true"
"pcb442rdmRad.txt","16","123456804","1000","20","5000","500","1500","221.2214316848","219.2188301193","219.2188301193","219.219","7.749360228149459E-05","10046","241908","838","149.427583","241.787","true","true"
"pcb442rdmRad.txt","17","123456805","1000","20","5000","500","1500","221.1304233215","219.2833237585","219.2833237584","219.219","-0.029342236941144514","10637","183580","794","92.967729","183.491","true","true"
"pcb442rdmRad.txt","18","123456806","1000","20","5000","500","1500","221.1304233215","219.2188301189","219.2188301188","219.219","7.749383036150239E-05","9310","300078","750","215.685339","299.943","true","true"
"pcb442rdmRad.txt","19","123456807","1000","20","5000","500","1500","221.1286489547","219.2833237596","219.2833237595","219.219","-0.029342237442928312","9474","302081","617","217.820593","301.948","true","true"
"pcb442rdmRad.txt","20","123456808","1000","20","5000","500","1500","221.1286489547","219.2188301199","219.2188301198","219.219","7.749337420148678E-05","9258","407431","728","323.702364","407.252","true","true"
"rat195_or10.txt","1","123456789","1000","20","5000","500","1500","68.0978057616","67.9920830052","67.9920830033","67.9909","-0.0017399435806843874","9559","118297","124","4.405353","118.226","true","true"
"rat195_or10.txt","2","123456790","1000","20","5000","500","1500","68.0549795512","67.9908208656","67.9908208645","67.9909","0.00011639131119285916","8446","114575","111","3.193781","114.505","true","true"
"rat195_or10.txt","3","123456791","1000","20","5000","500","1500","68.09739465","67.9908208452","67.9908208452","67.9909","0.00011641969732859555","8158","106413","120","11.46809","106.358","true","true"
"rat195_or10.txt","4","123456792","1000","20","5000","500","1500","68.071378632","67.9908208591","67.9908208591","67.9909","0.00011639925342762011","8950","117778","131","5.03959","117.707","true","true"
"rat195_or10.txt","5","123456793","1000","20","5000","500","1500","68.0556339049","67.9908208454","67.9908208453","67.9909","0.00011641955026836576","8932","114877","135","2.342201","114.806","true","true"
"rat195_or10.txt","6","123456794","1000","20","5000","500","1500","68.0699109964","67.990820844","67.990820844","67.9909","0.00011642146228126527","8649","131311","127","18.08675","131.239","true","true"
"rat195_or10.txt","7","123456795","1000","20","5000","500","1500","68.09739465","67.9908208468","67.9908208468","67.9909","0.00011641734407230333","8751","239714","124","126.556006","239.623","true","true"
"rat195_or10.txt","8","123456796","1000","20","5000","500","1500","68.089865807","67.9922227081","67.9922227076","67.9909","-0.0019454185780900545","9189","116110","133","4.211563","116.044","true","true"
"rat195_or10.txt","9","123456797","1000","20","5000","500","1500","68.071378632","67.9908208434","67.9908208434","67.9909","0.00011642234474714957","8893","110803","161","3.237648","110.724","true","true"
"rat195_or10.txt","10","123456798","1000","20","5000","500","1500","68.071378632","67.9908208492","67.9908208488","67.9909","0.00011641440251238861","9391","120738","141","4.454863","120.664","true","true"
"rat195_or10.txt","11","123456799","1000","20","5000","500","1500","68.0699109964","67.9920830751","67.9920830651","67.9909","-0.0017400344752138994","8890","114515","137","3.804094","114.445","true","true"
"rat195_or10.txt","12","123456800","1000","20","5000","500","1500","68.0699109964","67.9913829487","67.9913829483","67.9909","-0.000710313144852807","9091","143210","130","28.033669","143.127","true","true"
"rat195_or10.txt","13","123456801","1000","20","5000","500","1500","68.0699109964","67.9912070327","67.9912070326","67.9909","-0.00045157896131047117","9277","122215","145","2.362069","122.143","true","true"
"rat195_or10.txt","14","123456802","1000","20","5000","500","1500","68.0699109964","67.9908208456","67.9908208456","67.9909","0.00011641910902497305","9172","189506","127","67.26822","189.43","true","true"
"rat195_or10.txt","15","123456803","1000","20","5000","500","1500","68.0699109964","67.9908208458","67.9908208458","67.9909","0.00011641881486271125","9075","135671","139","16.692695","135.598","true","true"
"rat195_or10.txt","16","123456804","1000","20","5000","500","1500","68.0756486055","67.9908208443","67.9908208443","67.9909","0.00011642102103787256","9146","118318","111","4.928805","118.249","true","true"
"rat195_or10.txt","17","123456805","1000","20","5000","500","1500","68.0699109964","67.9908208443","67.9908208443","67.9909","0.00011642102103787256","9170","243005","132","122.482129","242.912","true","true"
"rat195_or10.txt","18","123456806","1000","20","5000","500","1500","68.0863838751","67.9920830079","67.9920830063","67.9909","-0.001739947993055611","8243","141371","133","35.088633","141.299","true","true"
"rat195_or10.txt","19","123456807","1000","20","5000","500","1500","68.09739465","67.990820844","67.990820844","67.9909","0.00011642146228126527","8269","177044","110","68.124806","176.968","true","true"
"rat195_or10.txt","20","123456808","1000","20","5000","500","1500","68.09739465","67.990820845","67.990820845","67.9909","0.00011641999149085735","8330","111799","94","4.382879","111.728","true","true"
"rat195_or2.txt","1","123456789","1000","20","5000","500","1500","160.827434968","157.8650083009","157.8650083009","157.97","0.06646306203709407","22326","654560","318","518.964962","654.358","true","true"
"rat195_or2.txt","2","123456790","1000","20","5000","500","1500","160.8252114461","158.6547856891","158.6547856891","157.97","-0.4334909723998295","20539","522132","248","381.975257","521.952","true","true"
"rat195_or2.txt","3","123456791","1000","20","5000","500","1500","160.8252114461","157.9653558562","157.965355856","157.97","0.0029398898525015422","17470","375412","194","272.341453","375.274","true","true"
"rat195_or2.txt","4","123456792","1000","20","5000","500","1500","160.827434968","158.0322376636","158.0322376636","157.97","-0.039398407039312064","20594","354363","210","232.272406","354.232","true","true"
"rat195_or2.txt","5","123456793","1000","20","5000","500","1500","160.8354204328","157.9808220744","157.9808220743","157.97","-0.006850714882569292","20309","336295","238","212.359114","336.163","true","true"
"rat195_or2.txt","6","123456794","1000","20","5000","500","1500","160.8255162428","157.8858249133","157.8858249133","157.97","0.053285488826983585","20017","313389","225","192.142023","313.263","true","true"
"rat195_or2.txt","7","123456795","1000","20","5000","500","1500","160.8252114461","158.046496569","158.046496569","157.97","-0.04842474457175393","20025","331270","223","211.249253","331.148","true","true"
"rat195_or2.txt","8","123456796","1000","20","5000","500","1500","160.8255162428","157.8810458141","157.8810458141","157.97","0.05631080958410305","20233","491823","225","365.808152","491.673","true","true"
"rat195_or2.txt","9","123456797","1000","20","5000","500","1500","160.8354204328","158.0464965673","158.0464965673","157.97","-0.04842474349560801","20489","266496","224","141.767859","266.391","true","true"
"rat195_or2.txt","10","123456798","1000","20","5000","500","1500","160.827434968","158.0330185936","158.0330185936","157.97","-0.039892760397538675","20443","164219","235","39.98429","164.145","true","true"
"rat195_or2.txt","11","123456799","1000","20","5000","500","1500","160.8255162428","157.980615373","157.980615373","157.97","-0.006719866430339537","20358","409753","232","288.065627","409.616","true","true"
"rat195_or2.txt","12","123456800","1000","20","5000","500","1500","160.8255162428","157.8810458119","157.8810458119","157.97","0.05631081097676142","20669","547102","189","415.809145","546.943","true","true"
"rat195_or2.txt","13","123456801","1000","20","5000","500","1500","160.8255162428","157.961694928","157.961694928","157.97","0.005257372918916927","21127","382342","212","250.065791","382.205","true","true"
"rat195_or2.txt","14","123456802","1000","20","5000","500","1500","160.8255162428","157.8810458122","157.8810458122","157.97","0.05631081078685755","21320","273535","227","140.557599","273.434","true","true"
"rat195_or2.txt","15","123456803","1000","20","5000","500","1500","160.8255162428","157.980615374","157.9806153739","157.97","-0.006719867000069138","21253","242329","225","115.86259","242.242","true","true"
"rat195_or2.txt","16","123456804","1000","20","5000","500","1500","160.9108758869","157.9806153737","157.9806153737","157.97","-0.006719866873460561","21258","340984","212","211.964311","340.853","true","true"
"rat195_or2.txt","17","123456805","1000","20","5000","500","1500","160.8255162428","158.0464965673","158.0464965673","157.97","-0.04842474349560801","20916","270265","240","139.995445","270.168","true","true"
"rat195_or2.txt","18","123456806","1000","20","5000","500","1500","160.8255162428","157.8650083019","157.8650083018","157.97","0.06646306146736447","19090","606118","317","484.058086","605.932","true","true"
"rat195_or2.txt","19","123456807","1000","20","5000","500","1500","160.8252114461","157.9645778592","157.9645778592","157.97","0.003432386402477216","19199","416348","203","298.735168","416.206","true","true"
"rat195_or2.txt","20","123456808","1000","20","5000","500","1500","160.8255162428","157.964577859","157.964577859","157.97","0.003432386529085793","19011","446594","188","330.630704","446.449","true","true"
"rat195_or30.txt","1","123456789","1000","20","5000","500","1500","45.7018646327","45.7016415974","45.7016415974","45.7017","0.00012779086993287974","5515","249647","157","2.560696","249.503","true","true"
"rat195_or30.txt","2","123456790","1000","20","5000","500","1500","45.702725128","45.7016415973","45.7016415973","45.7017","0.00012779108874702588","4725","83897","140","2.820857","83.8192","true","true"
"rat195_or30.txt","3","123456791","1000","20","5000","500","1500","45.7022861657","45.7016415973","45.7016415973","45.7017","0.00012779108874702588","4148","194724","113","2.071774","194.613","true","true"
"rat195_or30.txt","4","123456792","1000","20","5000","500","1500","45.7035840898","45.7016415974","45.7016415974","45.7017","0.00012779086993287974","5563","87742","178","2.708699","87.6706","true","true"
"rat195_or30.txt","5","123456793","1000","20","5000","500","1500","45.7038873394","45.7016415973","45.7016415973","45.7017","0.00012779108874702588","5045","88354","140","4.605359","88.2868","true","true"
"rat195_or30.txt","6","123456794","1000","20","5000","500","1500","45.7070579391","45.7016415973","45.7016415973","45.7017","0.00012779108874702588","4936","82173","114","2.762973","82.1053","true","true"
"rat195_or30.txt","7","123456795","1000","20","5000","500","1500","45.702725128","45.7016415974","45.7016415974","45.7017","0.00012779086993287974","4864","82207","177","2.896602","82.1418","true","true"
"rat195_or30.txt","8","123456796","1000","20","5000","500","1500","45.7024336511","45.7016415973","45.7016415973","45.7017","0.00012779108874702588","4986","241479","204","2.303562","241.352","true","true"
"rat195_or30.txt","9","123456797","1000","20","5000","500","1500","45.7066456745","45.7016415973","45.7016415973","45.7017","0.00012779108874702588","5198","86802","244","3.110356","86.7189","true","true"
"rat195_or30.txt","10","123456798","1000","20","5000","500","1500","45.7035914467","45.7016415973","45.7016415973","45.7017","0.00012779108874702588","5048","84287","137","3.148049","84.2191","true","true"
"rat195_or30.txt","11","123456799","1000","20","5000","500","1500","45.7070579391","45.7016415973","45.7016415973","45.7017","0.00012779108874702588","5001","83643","262","3.009279","83.5769","true","true"
"rat195_or30.txt","12","123456800","1000","20","5000","500","1500","45.702725128","45.7016415973","45.7016415973","45.7017","0.00012779108874702588","6297","86211","151","3.097993","86.1374","true","true"
"rat195_or30.txt","13","123456801","1000","20","5000","500","1500","45.7070579391","45.7016415973","45.7016415973","45.7017","0.00012779108874702588","5224","87324","132","2.998765","87.2544","true","true"
"rat195_or30.txt","14","123456802","1000","20","5000","500","1500","45.7070579391","45.7016415973","45.7016415973","45.7017","0.00012779108874702588","5283","86927","133","3.220403","86.8582","true","true"
"rat195_or30.txt","15","123456803","1000","20","5000","500","1500","45.7070579391","45.7016415973","45.7016415973","45.7017","0.00012779108874702588","5155","83307","126","2.715335","83.2376","true","true"
"rat195_or30.txt","16","123456804","1000","20","5000","500","1500","45.7035914467","45.7016415974","45.7016415974","45.7017","0.00012779086993287974","5154","86012","127","3.272067","85.9428","true","true"
"rat195_or30.txt","17","123456805","1000","20","5000","500","1500","45.7035914467","45.7016415973","45.7016415973","45.7017","0.00012779108874702588","5210","88012","138","2.683793","87.9388","true","true"
"rat195_or30.txt","18","123456806","1000","20","5000","500","1500","45.7070579391","45.7016415973","45.7016415973","45.7017","0.00012779108874702588","5010","78979","242","3.471081","78.9103","true","true"
"rat195_or30.txt","19","123456807","1000","20","5000","500","1500","45.702725128","45.7016415973","45.7016415973","45.7017","0.00012779108874702588","4770","81092","132","2.954468","81.0297","true","true"
"rat195_or30.txt","20","123456808","1000","20","5000","500","1500","45.7022861657","45.7016415974","45.7016415974","45.7017","0.00012779086993287974","4673","227781","134","2.393282","227.657","true","true"
"rat195rdmRad.txt","1","123456789","1000","20","5000","500","1500","68.2519713855","68.2240033373","68.2240033373","68.224","-4.8916803482559365E-06","2378","49188","284","1.795435","49.1119","true","true"
"rat195rdmRad.txt","2","123456790","1000","20","5000","500","1500","68.2513524458","68.2240033374","68.2240033374","68.224","-4.891826926856767E-06","2118","48496","174","1.396739","48.4331","true","true"
"rat195rdmRad.txt","3","123456791","1000","20","5000","500","1500","68.2513524458","68.2240033374","68.2240033374","68.224","-4.891826926856767E-06","1895","40983","254","1.422423","40.9234","true","true"
"rat195rdmRad.txt","4","123456792","1000","20","5000","500","1500","68.2513524458","68.2240033374","68.2240033374","68.224","-4.891826926856767E-06","2168","50142","284","1.799802","50.0755","true","true"
"rat195rdmRad.txt","5","123456793","1000","20","5000","500","1500","68.2480932553","68.2240033374","68.2240033374","68.224","-4.891826926856767E-06","2198","49702","211","1.737863","49.6358","true","true"
"rat195rdmRad.txt","6","123456794","1000","20","5000","500","1500","68.2501400523","68.2240033373","68.2240033373","68.224","-4.8916803482559365E-06","2121","50087","323","1.478204","50.0065","true","true"
"rat195rdmRad.txt","7","123456795","1000","20","5000","500","1500","68.2513524458","68.2240033373","68.2240033373","68.224","-4.8916803482559365E-06","2135","48402","180","1.575797","48.3355","true","true"
"rat195rdmRad.txt","8","123456796","1000","20","5000","500","1500","68.2501400523","68.2240033374","68.2240033374","68.224","-4.891826926856767E-06","2150","49277","249","1.743156","49.2099","true","true"
"rat195rdmRad.txt","9","123456797","1000","20","5000","500","1500","68.2492334682","68.2240033375","68.2240033375","68.224","-4.891973484627898E-06","2215","49616","263","1.689513","49.5511","true","true"
"rat195rdmRad.txt","10","123456798","1000","20","5000","500","1500","68.2531674998","68.2240033374","68.2240033374","68.224","-4.891826926856767E-06","2181","49885","212","1.495577","49.8213","true","true"
"rat195rdmRad.txt","11","123456799","1000","20","5000","500","1500","68.2501400523","68.2240033374","68.2240033374","68.224","-4.891826926856767E-06","2202","49774","258","1.883091","49.7092","true","true"
"rat195rdmRad.txt","12","123456800","1000","20","5000","500","1500","68.2513524458","68.2240033374","68.2240033374","68.224","-4.891826926856767E-06","2218","49840","307","1.792053","49.7733","true","true"
"rat195rdmRad.txt","13","123456801","1000","20","5000","500","1500","68.2501400523","68.2240033373","68.2240033373","68.224","-4.8916803482559365E-06","2233","50088","196","1.730721","50.0249","true","true"
"rat195rdmRad.txt","14","123456802","1000","20","5000","500","1500","68.2501400523","68.2240033374","68.2240033374","68.224","-4.891826926856767E-06","2269","51402","288","1.627631","51.3353","true","true"
"rat195rdmRad.txt","15","123456803","1000","20","5000","500","1500","68.2492334682","68.2240033373","68.2240033373","68.224","-4.8916803482559365E-06","2216","51122","343","1.69563","51.0566","true","true"
"rat195rdmRad.txt","16","123456804","1000","20","5000","500","1500","68.2531674998","68.2240033374","68.2240033374","68.224","-4.891826926856767E-06","2461","50887","259","1.724656","50.8085","true","true"
"rat195rdmRad.txt","17","123456805","1000","20","5000","500","1500","68.2501400523","68.2240033373","68.2240033373","68.224","-4.8916803482559365E-06","2240","51101","287","1.687026","51.0382","true","true"
"rat195rdmRad.txt","18","123456806","1000","20","5000","500","1500","68.2501400523","68.2240033373","68.2240033373","68.224","-4.8916803482559365E-06","2023","47867","281","1.783152","47.8059","true","true"
"rat195rdmRad.txt","19","123456807","1000","20","5000","500","1500","68.2513524458","68.2240033374","68.2240033374","68.224","-4.891826926856767E-06","2084","47066","213","1.529491","47.0045","true","true"
"rat195rdmRad.txt","20","123456808","1000","20","5000","500","1500","68.2513524458","68.2240033374","68.2240033374","68.224","-4.891826926856767E-06","2030","47643","204","1.817961","47.5791","true","true"
"rd400_or10.txt","1","123456789","1000","20","5000","500","1500","453.8836909842","451.8797529703","451.879711961","452.826","0.20897387495418188","25434","212172","245","5.835721","211.948","true","true"
"rd400_or10.txt","2","123456790","1000","20","5000","500","1500","452.9087585903","449.7058899541","449.7058899494","452.826","0.689030676374597","22685","666196","284","443.561099","666.015","true","true"
"rd400_or10.txt","3","123456791","1000","20","5000","500","1500","452.9087585903","448.849442526","448.8494425218","452.826","0.8781645661247476","19100","266913","175","106.196616","266.835","true","true"
"rd400_or10.txt","4","123456792","1000","20","5000","500","1500","453.3856195896","449.2405131857","449.2405131853","452.826","0.7918023290844617","23075","349947","236","134.808403","349.857","true","true"
"rd400_or10.txt","5","123456793","1000","20","5000","500","1500","455.1997914035","451.1772763665","451.1772763658","452.826","0.3640965037784924","23097","829757","299","615.608978","829.588","true","true"
"rd400_or10.txt","6","123456794","1000","20","5000","500","1500","452.9844325538","449.9847551251","449.9715403301","452.826","0.6303656746520728","22600","429518","226","230.467225","429.395","true","true"
"rd400_or10.txt","7","123456795","1000","20","5000","500","1500","452.9087585903","448.4719661041","448.4719660993","452.826","0.9615247138415234","21938","872084","228","674.018786","871.916","true","true"
"rd400_or10.txt","8","123456796","1000","20","5000","500","1500","452.9844325538","449.2310056945","449.2310056882","452.826","0.7939019207819356","22579","487724","277","285.49685","487.592","true","true"
"rd400_or10.txt","9","123456797","1000","20","5000","500","1500","455.0866164572","454.8662829691","454.8662829653","452.826","-0.45056665591197936","24171","215255","239","7.3466","215.179","true","true"
"rd400_or10.txt","10","123456798","1000","20","5000","500","1500","454.4185706317","453.5570841441","453.5326330948","452.826","-0.15604958522699608","23017","317745","226","115.442032","317.655","true","true"
"rd400_or10.txt","11","123456799","1000","20","5000","500","1500","454.4185706317","449.0810693561","449.0810693501","452.826","0.8270131683913969","22623","905530","241","692.637189","905.356","true","true"
"rd400_or10.txt","12","123456800","1000","20","5000","500","1500","452.9844325538","449.5055954506","449.5055954497","452.826","0.7332627875387008","23498","531056","247","320.830013","530.931","true","true"
"rd400_or10.txt","13","123456801","1000","20","5000","500","1500","452.9844325538","448.4803254121","448.4789011151","452.826","0.9599932170193516","23632","816700","243","605.756428","816.528","true","true"
"rd400_or10.txt","14","123456802","1000","20","5000","500","1500","452.9844325538","448.5400945866","448.5216351969","452.826","0.9505560199944444","23982","501199","216","294.298263","501.063","true","true"
"rd400_or10.txt","15","123456803","1000","20","5000","500","1500","452.9844325538","448.4552092718","448.4552092709","452.826","0.9652252143428178","23285","667158","226","458.632183","666.92","true","true"
"rd400_or10.txt","16","123456804","1000","20","5000","500","1500","454.4185706317","448.8020535233","448.7999857472","452.826","0.8890863715422692","23528","826170","223","611.785322","826","true","true"
"rd400_or10.txt","17","123456805","1000","20","5000","500","1500","452.9844325538","451.476014611","451.4760146088","452.826","0.2981245315419153","23698","452500","246","257.437629","452.372","true","true"
"rd400_or10.txt","18","123456806","1000","20","5000","500","1500","452.9844325538","449.6892410297","449.6892410297","452.826","0.6927073468175494","21853","490538","191","302.371366","490.41","true","true"
"rd400_or10.txt","19","123456807","1000","20","5000","500","1500","452.9087585903","449.8815725011","449.8783208267","452.826","0.6509518387415922","21479","516164","200","322.900143","516.035","true","true"
"rd400_or10.txt","20","123456808","1000","20","5000","500","1500","452.9087585903","449.0677701834","449.0606849038","452.826","0.8315147752558436","21234","1024521","204","818.570007","1024.32","true","true"
"rd400_or2.txt","1","123456789","1000","20","5000","500","1500","1041.7254507314","1019.3757306594","1019.3757306577","1018.46","-0.08991326686369715","51208","28329430","450","28094.813917","28329.1","true","true"
"rd400_or2.txt","2","123456790","1000","20","5000","500","1500","1042.3511447337","1019.7345707331","1019.7345707241","1018.46","-0.12514686134948166","46524","1512987","816","1201.048977","1512.67","true","true"
"rd400_or2.txt","3","123456791","1000","20","5000","500","1500","1042.3511447337","1021.4544224567","1021.4544224564","1018.46","-0.2940147336566976","38727","1043948","781","813.973088","1043.74","true","true"
"rd400_or2.txt","4","123456792","1000","20","5000","500","1500","1041.8430689135","1019.9243444612","1019.9243444601","1018.46","-0.14378026236670435","48887","1524636","477","1277.690651","1524.39","true","true"
"rd400_or2.txt","5","123456793","1000","20","5000","500","1500","1042.1407837992","1022.2435494798","1022.2435494798","1018.46","-0.3714971113052986","47369","2288868","484","2034.222569","2288.52","true","true"
"rd400_or2.txt","6","123456794","1000","20","5000","500","1500","1041.9964982623","1020.7015524788","1020.7015524765","1018.46","-0.22009234299824432","46434","1577108","699","1339.037306","1576.86","true","true"
"rd400_or2.txt","7","123456795","1000","20","5000","500","1500","1042.3511447337","1021.8430574136","1021.8430574135","1018.46","-0.33217381276632907","45260","1458539","798","1228.538214","1458.29","true","true"
"rd400_or2.txt","8","123456796","1000","20","5000","500","1500","1041.9964982623","1019.7729031963","1019.772903191","1018.46","-0.12891062889067006","46540","2119255","637","1869.417298","2118.93","true","true"
"rd400_or2.txt","9","123456797","1000","20","5000","500","1500","1041.9664521837","1018.4643163459","1018.4643163458","1018.46","-0.00042381102840633307","47376","1366263","424","1115.915487","1366.04","true","true"
"rd400_or2.txt","10","123456798","1000","20","5000","500","1500","1042.6317164605","1023.4099504257","1023.4099504227","1018.46","-0.48602305664434525","47157","1546618","415","1314.488287","1546.36","true","true"
"rd400_or2.txt","11","123456799","1000","20","5000","500","1500","1042.6317164605","1020.3869408819","1020.3869408804","1018.46","-0.18920142964867656","46841","2046857","896","1805.077923","2046.54","true","true"
"rd400_or2.txt","12","123456800","1000","20","5000","500","1500","1041.9964982623","1019.7756117277","1019.7756117277","1018.46","-0.1291765732282075","48542","1442715","635","1196.749802","1442.46","true","true"
"rd400_or2.txt","13","123456801","1000","20","5000","500","1500","1041.9964982623","1020.8743839848","1020.8743839846","1018.46","-0.23706222969973373","48277","1277246","466","1028.539436","1277.02","true","true"
"rd400_or2.txt","14","123456802","1000","20","5000","500","1500","1041.9964982623","1020.869125548","1020.8691255479","1018.46","-0.236545917159238","49695","1389376","448","1143.016504","1388.95","true","true"
"rd400_or2.txt","15","123456803","1000","20","5000","500","1500","1041.9964982623","1022.0282766523","1022.0282766523","1018.46","-0.3503600192741899","48054","1002017","427","755.940868","1001.85","true","true"
"rd400_or2.txt","16","123456804","1000","20","5000","500","1500","1042.6317164605","1019.5012453313","1019.4958886257","1018.46","-0.10171127248001433","48825","2042602","400","1800.305017","2042.28","true","true"
"rd400_or2.txt","17","123456805","1000","20","5000","500","1500","1041.9964982623","1021.9072408356","1021.9072408304","1018.46","-0.33847581941362503","48558","1847359","405","1618.768405","1847.07","true","true"
"rd400_or2.txt","18","123456806","1000","20","5000","500","1500","1041.9964982623","1021.7113164069","1021.7113163921","1018.46","-0.31923849656343556","44757","1209508","699","982.876627","1209.29","true","true"
"rd400_or2.txt","19","123456807","1000","20","5000","500","1500","1042.3511447337","1020.1041104148","1020.1040807201","1018.46","-0.16142810911572023","43874","1981059","658","1745.262748","1980.73","true","true"
"rd400_or2.txt","20","123456808","1000","20","5000","500","1500","1042.3511447337","1018.7845440353","1018.7845440348","1018.46","-0.031866154272130666","44148","1482700","408","1272.019886","1482.46","true","true"
"rd400_or30.txt","1","123456789","1000","20","5000","500","1500","224.8810312089","224.8385966205","224.8385966205","224.839","0.00017940815427919572","12594","130458","1134","4.145014","130.369","true","true"
"rd400_or30.txt","2","123456790","1000","20","5000","500","1500","224.8638949842","224.8385966208","224.8385966207","224.839","0.00017940806532506885","11584","121864","1087","3.670941","121.795","true","true"
"rd400_or30.txt","3","123456791","1000","20","5000","500","1500","224.8638949842","224.8385966204","224.8385966204","224.839","0.00017940819874993867","9518","105589","156","3.378878","105.53","true","true"
"rd400_or30.txt","4","123456792","1000","20","5000","500","1500","224.8624473318","224.8385966218","224.8385966218","224.839","0.00017940757608369165","11991","132422","795","4.80014","132.352","true","true"
"rd400_or30.txt","5","123456793","1000","20","5000","500","1500","224.8858216564","224.8385966205","224.8385966205","224.839","0.00017940815427919572","11863","123190","1080","4.352332","123.117","true","true"
"rd400_or30.txt","6","123456794","1000","20","5000","500","1500","224.932882785","224.8385966207","224.8385966207","224.839","0.00017940806532506885","11588","115838","801","4.10903","115.766","true","true"
"rd400_or30.txt","7","123456795","1000","20","5000","500","1500","224.8638949842","224.8385966206","224.8385966206","224.839","0.00017940810980845274","11374","121210","574","4.032333","121.14","true","true"
"rd400_or30.txt","8","123456796","1000","20","5000","500","1500","224.932882785","224.8385966209","224.8385966209","224.839","0.00017940797637094202","11597","125582","197","5.718006","125.513","true","true"
"rd400_or30.txt","9","123456797","1000","20","5000","500","1500","224.9014634877","224.8385966203","224.8385966203","224.839","0.00017940824323332255","11889","131954","198","7.263589","131.886","true","true"
"rd400_or30.txt","10","123456798","1000","20","5000","500","1500","224.8648680497","224.8385966205","224.8385966205","224.839","0.00017940815427919572","11771","130249","255","8.100713","130.172","true","true"
"rd400_or30.txt","11","123456799","1000","20","5000","500","1500","224.932882785","224.8385966214","224.8385966214","224.839","0.00017940775399194535","11996","131267","396","8.044596","131.194","true","true"
"rd400_or30.txt","12","123456800","1000","20","5000","500","1500","224.932882785","224.8385966202","224.8385966202","224.839","0.00017940828770406553","12130","125234","216","5.045684","125.158","true","true"
"rd400_or30.txt","13","123456801","1000","20","5000","500","1500","224.932882785","224.8385966202","224.8385966202","224.839","0.00017940828770406553","12060","125996","920","4.451938","125.924","true","true"
"rd400_or30.txt","14","123456802","1000","20","5000","500","1500","224.932882785","224.8385966206","224.8385966206","224.839","0.00017940810980845274","12212","131710","376","6.118435","131.638","true","true"
"rd400_or30.txt","15","123456803","1000","20","5000","500","1500","224.932882785","224.8385966211","224.8385966211","224.839","0.00017940788741681516","12139","128754","997","7.337098","128.685","true","true"
"rd400_or30.txt","16","123456804","1000","20","5000","500","1500","224.8648680497","224.8385966209","224.8385966209","224.839","0.00017940797637094202","12248","125636","192","4.252725","125.562","true","true"
"rd400_or30.txt","17","123456805","1000","20","5000","500","1500","224.932882785","224.8385966205","224.8385966205","224.839","0.00017940815427919572","12322","128847","266","4.190643","128.776","true","true"
"rd400_or30.txt","18","123456806","1000","20","5000","500","1500","224.932882785","224.8385966205","224.8385966205","224.839","0.00017940815427919572","11132","115566","220","4.352866","115.495","true","true"
"rd400_or30.txt","19","123456807","1000","20","5000","500","1500","224.932882785","224.8385966209","224.8385966209","224.839","0.00017940797637094202","11091","114401","806","4.249339","114.333","true","true"
"rd400_or30.txt","20","123456808","1000","20","5000","500","1500","224.8638949842","224.8385966203","224.8385966203","224.839","0.00017940824323332255","11226","120347","726","4.619222","120.281","true","true"
"rd400rdmRad.txt","1","123456789","1000","20","5000","500","1500","1276.6272494252","1239.5027622236","1239.5027622236","1238.28","-0.09874682814872703","54740","27609385","1202","27357.700943","27609.2","true","true"
"rd400rdmRad.txt","2","123456790","1000","20","5000","500","1500","1276.6272494252","1238.0142374135","1238.0142374135","1238.28","0.021462236852725698","47092","1508031","1464","1170.31274","1507.73","true","true"
"rd400rdmRad.txt","3","123456791","1000","20","5000","500","1500","1276.6272494252","1239.7559781757","1239.7559781755","1238.28","-0.11919583418129433","40582","579738","972","378.039299","579.613","true","true"
"rd400rdmRad.txt","4","123456792","1000","20","5000","500","1500","1276.6272494252","1238.2472009205","1238.2472009205","1238.28","0.002648761144483442","48875","921388","1527","681.254263","921.229","true","true"
"rd400rdmRad.txt","5","123456793","1000","20","5000","500","1500","1276.6272494252","1238.2472009255","1238.2472009255","1238.28","0.002648760740701816","48443","933368","1136","688.684341","933.202","true","true"
"rd400rdmRad.txt","6","123456794","1000","20","5000","500","1500","1276.6272494252","1240.7591437561","1240.7591437561","1238.28","-0.20020865685467176","47080","797137","1149","553.40266","796.99","true","true"
"rd400rdmRad.txt","7","123456795","1000","20","5000","500","1500","1276.6272494252","1239.1955163482","1239.1955163482","1238.28","-0.07393451789579672","46956","1010181","1189","777.875593","1010.01","true","true"
"rd400rdmRad.txt","8","123456796","1000","20","5000","500","1500","1276.6272494252","1240.5309333841","1240.5309333841","1238.28","-0.18177903092193268","47341","1092271","1056","847.838368","1092.07","true","true"
"rd400rdmRad.txt","9","123456797","1000","20","5000","500","1500","1276.6272494252","1238.2472009336","1238.2472009336","1238.28","0.0026487600865719085","48050","1009501","1283","769.769405","1009.34","true","true"
"rd400rdmRad.txt","10","123456798","1000","20","5000","500","1500","1276.6272494252","1245.2855641283","1245.2855641212","1238.28","-0.5657495979261553","48075","805076","1249","559.679328","804.922","true","true"
"rd400rdmRad.txt","11","123456799","1000","20","5000","500","1500","1276.6272494252","1244.381618004","1244.381618004","1238.28","-0.4927494592499356","48574","1014845","1005","772.924382","1014.66","true","true"
"rd400rdmRad.txt","12","123456800","1000","20","5000","500","1500","1276.6272494252","1238.0142374152","1238.0142374152","1238.28","0.021462236715450965","49268","1155713","850","907.937803","1155.52","true","true"
"rd400rdmRad.txt","13","123456801","1000","20","5000","500","1500","1276.6272494252","1238.0169850245","1238.0169850244","1238.28","0.0212403475466027","49706","1428654","1269","1173.816673","1428.41","true","true"
"rd400rdmRad.txt","14","123456802","1000","20","5000","500","1500","1276.6272494252","1240.5704579098","1240.5704579098","1238.28","-0.18497092013115976","49968","1007612","1239","760.867475","1007.44","true","true"
"rd400rdmRad.txt","15","123456803","1000","20","5000","500","1500","1276.6272494252","1239.3891789746","1239.3891789746","1238.28","-0.08957416534225916","49415","841759","1567","589.900923","841.603","true","true"
"rd400rdmRad.txt","16","123456804","1000","20","5000","500","1500","1276.6272494252","1239.9420584924","1239.9420584924","1238.28","-0.13422315569984916","49710","1478623","1305","1229.084233","1478.37","true","true"
"rd400rdmRad.txt","17","123456805","1000","20","5000","500","1500","1276.6272494252","1239.4284798554","1239.4284798554","1238.28","-0.09274799362017923","50601","842904","1332","589.663219","842.744","true","true"
"rd400rdmRad.txt","18","123456806","1000","20","5000","500","1500","1276.6272494252","1238.247200925","1238.247200925","1238.28","0.0026487607810799785","45358","1054151","911","815.638385","1053.97","true","true"
"rd400rdmRad.txt","19","123456807","1000","20","5000","500","1500","1276.6272494252","1238.0421048354","1238.0421048354","1238.28","0.01921174246534522","44932","920359","1092","692.290471","920.197","true","true"
"rd400rdmRad.txt","20","123456808","1000","20","5000","500","1500","1276.6272494252","1238.0169850237","1238.0169850237","1238.28","0.021240347603121112","44946","614048","1209","388.111761","613.917","true","true"
"rotatingDiamonds1.txt","1","123456789","1000","20","5000","500","1500","32.4430220266","32.3890296232","32.3890296232","32.389","-9.146068109439044E-05","1025","45955","68","1.94694","45.8719","true","true"
"rotatingDiamonds1.txt","2","123456790","1000","20","5000","500","1500","32.4371025934","32.3890296233","32.3890296233","32.389","-9.14609898247594E-05","738","45160","68","1.657009","45.0935","true","true"
"rotatingDiamonds1.txt","3","123456791","1000","20","5000","500","1500","32.4371025934","32.3890296232","32.3890296232","32.389","-9.146068109439044E-05","700","37764","56","1.356229","37.7081","true","true"
"rotatingDiamonds1.txt","4","123456792","1000","20","5000","500","1500","32.4430220266","32.3890296233","32.3890296233","32.389","-9.14609898247594E-05","808","44661","64","1.488218","44.5822","true","true"
"rotatingDiamonds1.txt","5","123456793","1000","20","5000","500","1500","32.4430181023","32.3890296232","32.3890296232","32.389","-9.146068109439044E-05","786","45065","71","1.627906","44.9981","true","true"
"rotatingDiamonds1.txt","6","123456794","1000","20","5000","500","1500","32.4435838545","32.3890296233","32.3890296233","32.389","-9.14609898247594E-05","766","44230","66","1.594682","44.1663","true","true"
"rotatingDiamonds1.txt","7","123456795","1000","20","5000","500","1500","32.4371025934","32.3890296232","32.3890296232","32.389","-9.146068109439044E-05","794","42534","62","1.442172","42.469","true","true"
"rotatingDiamonds1.txt","8","123456796","1000","20","5000","500","1500","32.4435838545","32.3890296232","32.3890296232","32.389","-9.146068109439044E-05","806","43430","68","1.582418","43.3621","true","true"
"rotatingDiamonds1.txt","9","123456797","1000","20","5000","500","1500","32.4430220266","32.3890296233","32.3890296233","32.389","-9.14609898247594E-05","818","44316","69","1.47395","44.2457","true","true"
"rotatingDiamonds1.txt","10","123456798","1000","20","5000","500","1500","32.4401066992","32.3890296232","32.3890296232","32.389","-9.146068109439044E-05","771","45196","61","1.476322","45.1333","true","true"
"rotatingDiamonds1.txt","11","123456799","1000","20","5000","500","1500","32.4435838545","32.3890296233","32.3890296233","32.389","-9.14609898247594E-05","786","43791","64","1.491048","43.726","true","true"
"rotatingDiamonds1.txt","12","123456800","1000","20","5000","500","1500","32.4435838545","32.3890296233","32.3890296233","32.389","-9.14609898247594E-05","825","45435","77","1.574801","45.3677","true","true"
"rotatingDiamonds1.txt","13","123456801","1000","20","5000","500","1500","32.4435838545","32.3890296233","32.3890296233","32.389","-9.14609898247594E-05","849","45579","62","1.588475","45.5135","true","true"
"rotatingDiamonds1.txt","14","123456802","1000","20","5000","500","1500","32.4536124224","32.3890296233","32.3890296233","32.389","-9.14609898247594E-05","792","46097","71","1.712561","46.0293","true","true"
"rotatingDiamonds1.txt","15","123456803","1000","20","5000","500","1500","32.4435838545","32.3890296233","32.3890296233","32.389","-9.14609898247594E-05","831","44283","77","1.44121","44.2202","true","true"
"rotatingDiamonds1.txt","16","123456804","1000","20","5000","500","1500","32.4435838545","32.3890296233","32.3890296233","32.389","-9.14609898247594E-05","816","45650","68","1.73964","45.5847","true","true"
"rotatingDiamonds1.txt","17","123456805","1000","20","5000","500","1500","32.4435838545","32.3890296233","32.3890296233","32.389","-9.14609898247594E-05","816","45071","80","1.608146","45.0053","true","true"
"rotatingDiamonds1.txt","18","123456806","1000","20","5000","500","1500","32.4435838545","32.3890296232","32.3890296232","32.389","-9.146068109439044E-05","760","41940","69","1.414279","41.878","true","true"
"rotatingDiamonds1.txt","19","123456807","1000","20","5000","500","1500","32.4371025934","32.3890296232","32.3890296232","32.389","-9.146068109439044E-05","751","42192","69","1.544502","42.1297","true","true"
"rotatingDiamonds1.txt","20","123456808","1000","20","5000","500","1500","32.4371025934","32.3890296232","32.3890296232","32.389","-9.146068109439044E-05","753","41950","68","1.420045","41.887","true","true"
"rotatingDiamonds2.txt","1","123456789","1000","20","5000","500","1500","140.6844839937","140.4774093581","140.4774093581","140.477","-0.00029140578172985273","4634","68053","111","2.245506","67.9757","true","true"
"rotatingDiamonds2.txt","2","123456790","1000","20","5000","500","1500","140.6697671643","140.4774093569","140.4774093569","140.477","-0.00029140492750247466","4045","62878","92","3.289122","62.7979","true","true"
"rotatingDiamonds2.txt","3","123456791","1000","20","5000","500","1500","140.6697671643","140.4774093584","140.4774093584","140.477","-0.0002914059952816392","3488","53416","68","1.543884","53.3597","true","true"
"rotatingDiamonds2.txt","4","123456792","1000","20","5000","500","1500","140.6771547114","140.4774093583","140.4774093583","140.477","-0.0002914059241044544","4036","63642","98","1.750938","63.578","true","true"
"rotatingDiamonds2.txt","5","123456793","1000","20","5000","500","1500","140.6771547114","140.4774093578","140.4774093578","140.477","-0.0002914055681780663","4085","63908","112","2.364275","63.8415","true","true"
"rotatingDiamonds2.txt","6","123456794","1000","20","5000","500","1500","140.6938648649","140.4774093577","140.4774093577","140.477","-0.0002914054969806493","3976","61575","78","1.685829","61.512","true","true"
"rotatingDiamonds2.txt","7","123456795","1000","20","5000","500","1500","140.6697671643","140.4774093572","140.4774093572","140.477","-0.0002914051410542611","3870","62264","87","1.850846","62.201","true","true"
"rotatingDiamonds2.txt","8","123456796","1000","20","5000","500","1500","140.6938648649","140.4774093585","140.4774093585","140.477","-0.00029140606647905617","4018","61030","97","1.523217","60.9672","true","true"
"rotatingDiamonds2.txt","9","123456797","1000","20","5000","500","1500","140.6940722632","140.4774093572","140.4774093572","140.477","-0.0002914051410542611","4036","62770","88","1.849852","62.7063","true","true"
"rotatingDiamonds2.txt","10","123456798","1000","20","5000","500","1500","140.6844839937","140.4774093579","140.4774093579","140.477","-0.000291405639355251","4162","64046","98","1.771439","63.967","true","true"
"rotatingDiamonds2.txt","11","123456799","1000","20","5000","500","1500","140.6938648649","140.4774093702","140.477409364","140.477","-0.0002914099817097905","4030","62994","88","1.653606","62.9317","true","true"
"rotatingDiamonds2.txt","12","123456800","1000","20","5000","500","1500","140.6938648649","140.4774093632","140.4774093607","140.477","-0.0002914076325592105","4155","65523","90","2.611283","65.4557","true","true"
"rotatingDiamonds2.txt","13","123456801","1000","20","5000","500","1500","140.6938648649","140.4774093579","140.4774093579","140.477","-0.000291405639355251","4223","64038","99","1.700382","63.9672","true","true"
"rotatingDiamonds2.txt","14","123456802","1000","20","5000","500","1500","140.6847551989","140.4774093691","140.4774093691","140.477","-0.0002914136121913214","4225","65985","96","2.334126","65.9198","true","true"
"rotatingDiamonds2.txt","15","123456803","1000","20","5000","500","1500","140.6938648649","140.4774093577","140.4774093577","140.477","-0.0002914054969806493","4194","66208","99","5.098219","66.1424","true","true"
"rotatingDiamonds2.txt","16","123456804","1000","20","5000","500","1500","140.6697671643","140.477409367","140.477409367","140.477","-0.0002914121172883518","4136","65981","93","3.091311","65.9139","true","true"
"rotatingDiamonds2.txt","17","123456805","1000","20","5000","500","1500","140.6938648649","140.4774093576","140.4774093576","140.477","-0.00029140542580346454","4277","65316","88","2.361038","65.2485","true","true"
"rotatingDiamonds2.txt","18","123456806","1000","20","5000","500","1500","140.6938648649","140.4774093573","140.4774093573","140.477","-0.0002914052122314458","3824","59476","81","2.57474","59.4137","true","true"
"rotatingDiamonds2.txt","19","123456807","1000","20","5000","500","1500","140.6697671643","140.4774093646","140.4774093645","140.477","-0.0002914103376361787","3880","59491","95","2.722517","59.4269","true","true"
"rotatingDiamonds2.txt","20","123456808","1000","20","5000","500","1500","140.6697671643","140.4774093577","140.4774093577","140.477","-0.0002914054969806493","3876","60954","77","1.701675","60.8487","true","true"
"rotatingDiamonds3.txt","1","123456789","1000","20","5000","500","1500","381.5941261615","380.8824342917","380.8824342917","380.882","-0.0001140226369329836","22504","26839577","160","42.461606","26839.5","true","true"
"rotatingDiamonds3.txt","2","123456790","1000","20","5000","500","1500","381.5779249735","380.8824578765","380.8824578754","380.882","-0.00012021450212984455","18302","117851","169","3.870219","117.78","true","true"
"rotatingDiamonds3.txt","3","123456791","1000","20","5000","500","1500","381.5779249735","380.8824342853","380.8824342853","380.882","-0.00011402095662240722","16067","112646","124","23.747477","112.59","true","true"
"rotatingDiamonds3.txt","4","123456792","1000","20","5000","500","1500","381.5723744914","380.8824342848","380.8824342848","380.882","-0.00011402082534954257","19081","117772","148","2.405719","117.707","true","true"
"rotatingDiamonds3.txt","5","123456793","1000","20","5000","500","1500","381.5489154055","380.8824342861","380.8824342861","380.882","-0.0001140211666649603","19105","205719","150","92.296668","205.633","true","true"
"rotatingDiamonds3.txt","6","123456794","1000","20","5000","500","1500","381.5562647678","380.8824527169","380.8824527169","380.882","-0.00011886014565816099","19096","126622","147","18.134868","126.553","true","true"
"rotatingDiamonds3.txt","7","123456795","1000","20","5000","500","1500","381.5779249735","380.8835032363","380.8835032363","380.882","-0.00039467244447934953","18327","142588","137","34.822583","142.515","true","true"
"rotatingDiamonds3.txt","8","123456796","1000","20","5000","500","1500","381.5562647678","380.8824342849","380.8824342849","380.882","-0.00011402085160113067","18951","208704","166","93.151823","208.6","true","true"
"rotatingDiamonds3.txt","9","123456797","1000","20","5000","500","1500","381.584014781","380.8824342849","380.8824342849","380.882","-0.00011402085160113067","19014","153011","179","41.871897","152.937","true","true"
"rotatingDiamonds3.txt","10","123456798","1000","20","5000","500","1500","381.551444651","380.8824342883","380.8824342882","380.882","-0.00011402171800800696","19070","118662","139","4.923067","118.593","true","true"
"rotatingDiamonds3.txt","11","123456799","1000","20","5000","500","1500","381.5562647678","380.8826673916","380.8826673915","380.882","-0.00017522264112605643","18664","148588","184","37.130091","148.504","true","true"
"rotatingDiamonds3.txt","12","123456800","1000","20","5000","500","1500","381.5562647678","380.8835419077","380.8835419077","380.882","-0.00040482556277693724","19221","135642","161","19.852818","135.567","true","true"
"rotatingDiamonds3.txt","13","123456801","1000","20","5000","500","1500","381.5562647678","380.8824343049","380.8824343035","380.882","-0.00011402573500840708","20193","124507","171","10.328438","124.436","true","true"
"rotatingDiamonds3.txt","14","123456802","1000","20","5000","500","1500","381.584014781","380.8824971481","380.8824971481","380.882","-0.00013052549083699967","19559","165228","138","53.706673","165.152","true","true"
"rotatingDiamonds3.txt","15","123456803","1000","20","5000","500","1500","381.5723744914","380.8824527181","380.8824527177","380.882","-0.00011886035570071408","19186","154627","186","41.668104","154.549","true","true"
"rotatingDiamonds3.txt","16","123456804","1000","20","5000","500","1500","381.5723744914","380.8824527163","380.8824527163","380.882","-0.00011885998813370825","19346","151214","156","36.870518","151.137","true","true"
"rotatingDiamonds3.txt","17","123456805","1000","20","5000","500","1500","381.5562647678","380.8824527278","380.8824527278","380.882","-0.00011886300743944328","19782","134161","154","21.47669","134.086","true","true"
"rotatingDiamonds3.txt","18","123456806","1000","20","5000","500","1500","381.5562647678","380.8824527161","380.8824527161","380.882","-0.0001188599356156079","17941","117145","148","9.61847","117.08","true","true"
"rotatingDiamonds3.txt","19","123456807","1000","20","5000","500","1500","381.5562647678","380.8824342851","380.8824342851","380.882","-0.00011402090410430686","17703","122266","145","13.840675","122.2","true","true"
"rotatingDiamonds3.txt","20","123456808","1000","20","5000","500","1500","381.5562647678","380.882434285","380.882434285","380.882","-0.00011402087785271876","17798","111434","136","2.753233","111.368","true","true"
"rotatingDiamonds4.txt","1","123456789","1000","20","5000","500","1500","790.505942254","770.660846439","770.6608464388","770.661","1.992590774787306E-05","47753","27018205","285","26851.515744","27018.1","true","true"
"rotatingDiamonds4.txt","2","123456790","1000","20","5000","500","1500","790.556109023","770.661629563","770.6616295614","770.661","-8.16910937554179E-05","39158","196538","262","4.987705","196.461","true","true"
"rotatingDiamonds4.txt","3","123456791","1000","20","5000","500","1500","790.556109023","770.6617044022","770.6617044021","770.661","-9.140232865567084E-05","32133","283534","344","135.21972","283.457","true","true"
"rotatingDiamonds4.txt","4","123456792","1000","20","5000","500","1500","790.5256604101","770.7473673526","770.7473673526","770.661","-0.011206918813857701","38838","339123","254","157.400481","339.027","true","true"
"rotatingDiamonds4.txt","5","123456793","1000","20","5000","500","1500","790.6150215315","770.6616359026","770.6616359022","770.661","-8.251386797669952E-05","40106","413199","288","234.076267","413.072","true","true"
"rotatingDiamonds4.txt","6","123456794","1000","20","5000","500","1500","790.736420159","770.6607185817","770.6607185814","770.661","3.6516522817604124E-05","37966","373386","251","197.5158","373.273","true","true"
"rotatingDiamonds4.txt","7","123456795","1000","20","5000","500","1500","790.736420159","770.7470985627","770.7470985627","770.661","-0.011172040975220567","37327","416284","283","239.503426","416.157","true","true"
"rotatingDiamonds4.txt","8","123456796","1000","20","5000","500","1500","790.736420159","770.6606418401","770.66064184","770.661","4.6474390154060375E-05","38634","373375","280","199.123663","373.265","true","true"
"rotatingDiamonds4.txt","9","123456797","1000","20","5000","500","1500","790.7113804469","770.6617114215","770.6617114215","770.661","-9.23131571469352E-05","39053","442572","296","266.851585","442.449","true","true"
"rotatingDiamonds4.txt","10","123456798","1000","20","5000","500","1500","790.7113804469","770.8623430274","770.8623430274","770.661","-0.026126017457750058","38631","237653","250","60.670442","237.576","true","true"
"rotatingDiamonds4.txt","11","123456799","1000","20","5000","500","1500","790.5628754233","770.8623430048","770.8623430046","770.661","-0.026126014499249627","38499","254006","342","88.728634","253.923","true","true"
"rotatingDiamonds4.txt","12","123456800","1000","20","5000","500","1500","790.5628754233","770.6617565316","770.6617517679","770.661","-9.754845516455497E-05","39691","407055","309","228.727839","406.93","true","true"
"rotatingDiamonds4.txt","13","123456801","1000","20","5000","500","1500","790.5628754233","770.6616795719","770.6616795018","770.661","-8.817129711381205E-05","39814","371296","287","186.814616","371.2","true","true"
"rotatingDiamonds4.txt","14","123456802","1000","20","5000","500","1500","790.6767251864","770.6606468244","770.6606468242","770.661","4.582764665667871E-05","39882","488976","260","306.763593","488.84","true","true"
"rotatingDiamonds4.txt","15","123456803","1000","20","5000","500","1500","790.8030050788","770.6607333553","770.6607333536","770.661","3.45997007699017E-05","40190","239085","253","65.461559","239.002","true","true"
"rotatingDiamonds4.txt","16","123456804","1000","20","5000","500","1500","790.8369847015","770.6617764521","770.6617760274","770.661","-0.00010069633731212184","39750","319749","285","135.221447","319.657","true","true"
"rotatingDiamonds4.txt","17","123456805","1000","20","5000","500","1500","790.8030050788","770.660815805","770.6608137206","770.661","2.417138014519466E-05","40170","321366","398","137.112962","321.276","true","true"
"rotatingDiamonds4.txt","18","123456806","1000","20","5000","500","1500","790.8030050788","770.6606420539","770.6606420539","770.661","4.6446634764053124E-05","36034","264499","240","99.353914","264.421","true","true"
"rotatingDiamonds4.txt","19","123456807","1000","20","5000","500","1500","790.8157935975","770.6606625298","770.6606625298","770.661","4.378970779005228E-05","36456","297470","335","132.374201","297.391","true","true"
"rotatingDiamonds4.txt","20","123456808","1000","20","5000","500","1500","790.8030050788","770.6606888794","770.6606888794","770.661","4.0370616901278014E-05","36259","253087","417","90.750015","253.004","true","true"
"rotatingDiamonds5.txt","1","123456789","1000","20","5000","500","1500","1536.4084769841","1510.7500529026","1510.7500529025","1510.75","-3.5017375542930043E-06","26749006","1097997","1045","717.933111","1097.78","true","true"
"rotatingDiamonds5.txt","2","123456790","1000","20","5000","500","1500","1538.0883593428","1510.7499973924","1510.7499973924","1510.75","1.7260301050966E-07","93859","1397986","740","900.876079","1397.75","true","true"
"rotatingDiamonds5.txt","3","123456791","1000","20","5000","500","1500","1538.0883593428","1510.7505631624","1510.7505631613","1510.75","-3.7276935302248445E-05","71648","1061457","488","673.37918","1061.3","true","true"
"rotatingDiamonds5.txt","4","123456792","1000","20","5000","500","1500","1536.4464958876","1511.0186576716","1511.0186556771","1510.75","-0.017782934112196867","91017","611296","553","249.720908","611.193","true","true"
"rotatingDiamonds5.txt","5","123456793","1000","20","5000","500","1500","1536.2977726186","1510.7501017084","1510.7501017084","1510.75","-6.732311769141337E-06","87987","1112708","564","742.221556","1112.54","true","true"
"rotatingDiamonds5.txt","6","123456794","1000","20","5000","500","1500","1538.1724086821","1510.812309102","1510.812309102","1510.75","-0.004124382061887934","85122","990299","593","632.20207","990.138","true","true"
"rotatingDiamonds5.txt","7","123456795","1000","20","5000","500","1500","1538.0883593428","1510.7540478691","1510.7540478691","1510.75","-0.0002679377196807646","84475","883562","486","532.59962","883.417","true","true"
"rotatingDiamonds5.txt","8","123456796","1000","20","5000","500","1500","1538.1724086821","1510.7713622573","1510.7713622564","1510.75","-0.0014140166407364007","86626","720803","507","341.218637","720.677","true","true"
"rotatingDiamonds5.txt","9","123456797","1000","20","5000","500","1500","1536.543501086","1510.7591447269","1510.7591447265","1510.75","-0.000605310375636342","86689","967999","636","598.876995","967.854","true","true"
"rotatingDiamonds5.txt","10","123456798","1000","20","5000","500","1500","1536.4464958876","1510.8516821886","1510.8516821886","1510.75","-0.006730576773131215","87803","945691","506","574.466031","945.543","true","true"
"rotatingDiamonds5.txt","11","123456799","1000","20","5000","500","1500","1538.1724086821","1510.7497818065","1510.7497818065","1510.75","1.4442727115960503E-05","87200","988362","539","613.215231","988.217","true","true"
"rotatingDiamonds5.txt","12","123456800","1000","20","5000","500","1500","1538.1724086821","1510.8155527428","1510.8155527428","1510.75","-0.004339086069835305","89826","733909","407","358.495457","733.781","true","true"
"rotatingDiamonds5.txt","13","123456801","1000","20","5000","500","1500","1538.1724086821","1510.7489448114","1510.7489448114","1510.75","6.984534834012879E-05","90211","1016636","629","653.666197","1016.48","true","true"
"rotatingDiamonds5.txt","14","123456802","1000","20","5000","500","1500","1536.5126359351","1510.7499763491","1510.7499763482","1510.75","1.5655667643774324E-06","89760","970805","589","583.708922","970.66","true","true"
"rotatingDiamonds5.txt","15","123456803","1000","20","5000","500","1500","1538.1724086821","1510.7502100917","1510.7502100916","1510.75","-1.3906443813391432E-05","89604","874636","542","503.809293","874.498","true","true"
"rotatingDiamonds5.txt","16","123456804","1000","20","5000","500","1500","1537.4929616089","1510.8089179371","1510.8089179371","1510.75","-0.003899913096142795","92661","786662","478","412.784972","786.521","true","true"
"rotatingDiamonds5.txt","17","123456805","1000","20","5000","500","1500","1538.1724086821","1510.8460798047","1510.8460798047","1510.75","-0.006359742161172373","89520","739808","513","376.168283","739.673","true","true"
"rotatingDiamonds5.txt","18","123456806","1000","20","5000","500","1500","1536.4464958876","1510.8098855408","1510.8098838321","1510.75","-0.003963847896740892","80555","926236","455","577.871775","926.092","true","true"
"rotatingDiamonds5.txt","19","123456807","1000","20","5000","500","1500","1538.0883593428","1510.7500978756","1510.7500978752","1510.75","-6.478583486775766E-06","84952","704198","546","363.756918","704.071","true","true"
"rotatingDiamonds5.txt","20","123456808","1000","20","5000","500","1500","1538.1724086821","1510.8063007873","1510.8063007872","1510.75","-0.0037266779546527326","82265","1068454","445","728.079004","1068.31","true","true"
"team1_100.txt","1","123456789","1000","20","5000","500","1500","308.2914371348","307.3368694658","307.3368694658","307.337","4.2472660294147513E-05","3988","65388","136","1.895237","65.1851","true","true"
"team1_100.txt","2","123456790","1000","20","5000","500","1500","307.9726484166","307.3368694657","307.3368694657","307.337","4.247269284617255E-05","4814","86223","106","2.399184","86.1461","true","true"
"team1_100.txt","3","123456791","1000","20","5000","500","1500","307.9726484166","307.3368694657","307.3368694657","307.337","4.247269284617255E-05","3733","63545","85","2.727759","63.4894","true","true"
"team1_100.txt","4","123456792","1000","20","5000","500","1500","308.2113920572","307.3368694657","307.3368694657","307.337","4.247269284617255E-05","4461","75474","95","1.969156","75.4091","true","true"
"team1_100.txt","5","123456793","1000","20","5000","500","1500","308.1962909343","307.3368694656","307.3368694656","307.337","4.247272537970212E-05","4498","77863","106","2.507538","77.7973","true","true"
"team1_100.txt","6","123456794","1000","20","5000","500","1500","307.9335315802","307.3368694656","307.3368694656","307.337","4.247272537970212E-05","4390","75543","106","1.927235","75.4811","true","true"
"team1_100.txt","7","123456795","1000","20","5000","500","1500","307.9726484166","307.3368694663","307.3368694663","307.337","4.247249760800419E-05","4281","75359","97","3.485134","75.2961","true","true"
"team1_100.txt","8","123456796","1000","20","5000","500","1500","307.9335315802","307.3368694659","307.3368694659","307.337","4.247262776061794E-05","4722","75945","95","2.561344","75.8797","true","true"
"team1_100.txt","9","123456797","1000","20","5000","500","1500","308.2482530462","307.3368694656","307.3368694656","307.337","4.247272537970212E-05","4505","78932","96","3.337278","78.857","true","true"
"team1_100.txt","10","123456798","1000","20","5000","500","1500","308.2113920572","307.3368694658","307.3368694658","307.337","4.2472660294147513E-05","4419","77285","117","2.072393","77.2224","true","true"
"team1_100.txt","11","123456799","1000","20","5000","500","1500","307.9335315802","307.336869466","307.3368694659","307.337","4.247262776061794E-05","4442","74309","93","1.912331","74.2419","true","true"
"team1_100.txt","12","123456800","1000","20","5000","500","1500","307.9335315802","307.3368694657","307.3368694657","307.337","4.247269284617255E-05","4622","77064","76","1.826315","76.9944","true","true"
"team1_100.txt","13","123456801","1000","20","5000","500","1500","307.9335315802","307.3368694658","307.3368694658","307.337","4.2472660294147513E-05","4621","80605","110","4.55702","80.5372","true","true"
"team1_100.txt","14","123456802","1000","20","5000","500","1500","308.0639533476","307.3368694657","307.3368694657","307.337","4.247269284617255E-05","4627","78179","99","2.906726","78.1141","true","true"
"team1_100.txt","15","123456803","1000","20","5000","500","1500","307.9335315802","307.3368694657","307.3368694657","307.337","4.247269284617255E-05","4630","78969","94","2.784747","78.8981","true","true"
"team1_100.txt","16","123456804","1000","20","5000","500","1500","308.1912821876","307.3368694663","307.3368694663","307.337","4.247249760800419E-05","4617","82771","95","4.529844","82.7045","true","true"
"team1_100.txt","17","123456805","1000","20","5000","500","1500","307.9335315802","307.3368694657","307.3368694657","307.337","4.247269284617255E-05","4629","78578","92","2.214872","78.5115","true","true"
"team1_100.txt","18","123456806","1000","20","5000","500","1500","307.9335315802","307.3368694656","307.3368694656","307.337","4.247272537970212E-05","4217","73304","83","1.843941","73.2425","true","true"
"team1_100.txt","19","123456807","1000","20","5000","500","1500","307.9726484166","307.336869466","307.336869466","307.337","4.247259522708837E-05","4220","74340","84","2.362881","74.2666","true","true"
"team1_100.txt","20","123456808","1000","20","5000","500","1500","307.9335315802","307.3368694658","307.3368694658","307.337","4.2472660294147513E-05","4214","70739","84","1.939189","70.6748","true","true"
"team1_100rdmRad.txt","1","123456789","1000","20","5000","500","1500","399.2782010013","388.5368756501","388.5368756501","388.537","3.2004648200044117E-05","2770","55951","117","1.769586","55.8892","true","true"
"team1_100rdmRad.txt","2","123456790","1000","20","5000","500","1500","399.2782010013","388.5368756501","388.5368756501","388.537","3.2004648200044117E-05","3444","64713","210","1.929218","64.6319","true","true"
"team1_100rdmRad.txt","3","123456791","1000","20","5000","500","1500","399.2782010013","388.5368756501","388.5368756501","388.537","3.2004648200044117E-05","2705","51192","138","3.716606","51.1363","true","true"
"team1_100rdmRad.txt","4","123456792","1000","20","5000","500","1500","399.2782010013","388.5368756502","388.5368756502","388.537","3.200462246566778E-05","3253","60261","141","3.528244","60.1954","true","true"
"team1_100rdmRad.txt","5","123456793","1000","20","5000","500","1500","399.2782010013","388.5368756501","388.5368756501","388.537","3.2004648200044117E-05","3359","62396","192","4.735741","62.332","true","true"
"team1_100rdmRad.txt","6","123456794","1000","20","5000","500","1500","399.2782010013","388.5368756501","388.5368756501","388.537","3.2004648200044117E-05","3219","59024","121","3.25075","58.9468","true","true"
"team1_100rdmRad.txt","7","123456795","1000","20","5000","500","1500","399.2782010013","388.5368756501","388.5368756501","388.537","3.2004648200044117E-05","3169","60769","107","3.776721","60.703","true","true"
"team1_100rdmRad.txt","8","123456796","1000","20","5000","500","1500","399.2782010013","388.53687565","388.53687565","388.537","3.200467393442045E-05","3207","61823","163","5.518687","61.759","true","true"
"team1_100rdmRad.txt","9","123456797","1000","20","5000","500","1500","399.2782010013","388.5368756501","388.5368756501","388.537","3.2004648200044117E-05","3232","61000","194","2.78069","60.9377","true","true"
"team1_100rdmRad.txt","10","123456798","1000","20","5000","500","1500","399.2782010013","388.5368756502","388.5368756502","388.537","3.200462246566778E-05","3253","59460","166","3.304125","59.3965","true","true"
"team1_100rdmRad.txt","11","123456799","1000","20","5000","500","1500","399.2782010013","388.5368756502","388.5368756502","388.537","3.200462246566778E-05","3221","60523","171","3.023877","60.4579","true","true"
"team1_100rdmRad.txt","12","123456800","1000","20","5000","500","1500","399.2782010013","388.5368756502","388.5368756502","388.537","3.200462246566778E-05","3373","62162","162","2.909083","62.0873","true","true"
"team1_100rdmRad.txt","13","123456801","1000","20","5000","500","1500","399.2782010013","388.5368756501","388.5368756501","388.537","3.2004648200044117E-05","3369","62764","194","4.462189","62.6976","true","true"
"team1_100rdmRad.txt","14","123456802","1000","20","5000","500","1500","399.2782010013","388.5368756501","388.5368756501","388.537","3.2004648200044117E-05","3320","61575","170","3.396373","61.5088","true","true"
"team1_100rdmRad.txt","15","123456803","1000","20","5000","500","1500","399.2782010013","388.5368756501","388.5368756501","388.537","3.2004648200044117E-05","3350","60293","163","1.646456","60.2276","true","true"
"team1_100rdmRad.txt","16","123456804","1000","20","5000","500","1500","399.2782010013","388.5368756501","388.5368756501","388.537","3.2004648200044117E-05","3366","61809","129","1.859354","61.7409","true","true"
"team1_100rdmRad.txt","17","123456805","1000","20","5000","500","1500","399.2782010013","388.5368756502","388.5368756502","388.537","3.200462246566778E-05","3499","62241","148","2.895154","62.1762","true","true"
"team1_100rdmRad.txt","18","123456806","1000","20","5000","500","1500","399.2782010013","388.5368756501","388.5368756501","388.537","3.2004648200044117E-05","3075","56349","136","2.745003","56.287","true","true"
"team1_100rdmRad.txt","19","123456807","1000","20","5000","500","1500","399.2782010013","388.5368756502","388.5368756502","388.537","3.200462246566778E-05","3104","58486","123","4.408173","58.4204","true","true"
"team1_100rdmRad.txt","20","123456808","1000","20","5000","500","1500","399.2782010013","388.5368756503","388.5368756503","388.537","3.200459673129145E-05","3104","56572","160","1.839653","56.5113","true","true"
"team2_200.txt","1","123456789","1000","20","5000","500","1500","247.2349835156","246.682983533","246.6829835329","246.683","6.675409323814247E-06","6803","101005","96","3.066724","100.936","true","true"
"team2_200.txt","2","123456790","1000","20","5000","500","1500","247.4044451378","246.6829835202","246.6829835188","246.683","6.681125165622732E-06","8220","120384","160","15.221529","120.273","true","true"
"team2_200.txt","3","123456791","1000","20","5000","500","1500","247.5606685087","246.6829835101","246.6829835101","246.683","6.684651958690549E-06","6151","143139","98","61.522466","143.073","true","true"
"team2_200.txt","4","123456792","1000","20","5000","500","1500","247.2599214026","246.6829835083","246.6829835083","246.683","6.685381641604105E-06","7386","116511","115","20.79399","116.442","true","true"
"team2_200.txt","5","123456793","1000","20","5000","500","1500","247.3373831844","246.6829835089","246.6829835089","246.683","6.685138410125736E-06","7610","99615","127","3.190558","99.5436","true","true"
"team2_200.txt","6","123456794","1000","20","5000","500","1500","247.2750930101","246.6829835589","246.6829835588","246.683","6.664910021770251E-06","7434","97600","107","3.112328","97.5351","true","true"
"team2_200.txt","7","123456795","1000","20","5000","500","1500","247.4044451378","246.6829835106","246.6829835106","246.683","6.684449271552684E-06","7253","95357","131","2.126102","95.29","true","true"
"team2_200.txt","8","123456796","1000","20","5000","500","1500","247.2750930101","246.6829835168","246.6829835165","246.683","6.682057535674152E-06","7318","96351","104","2.849063","96.285","true","true"
"team2_200.txt","9","123456797","1000","20","5000","500","1500","247.3109117658","246.6829835337","246.6829835337","246.683","6.675085026697973E-06","7560","103021","120","4.908464","102.949","true","true"
"team2_200.txt","10","123456798","1000","20","5000","500","1500","247.2750930101","246.6829835136","246.6829835134","246.683","6.6833142143633984E-06","7358","103899","135","6.273444","103.831","true","true"
"team2_200.txt","11","123456799","1000","20","5000","500","1500","247.2750930101","246.6829835095","246.6829835095","246.683","6.6848951901689186E-06","7389","102613","126","7.509384","102.544","true","true"
"team2_200.txt","12","123456800","1000","20","5000","500","1500","247.2750930101","246.6829835162","246.6829835159","246.683","6.682300767152521E-06","7984","104861","120","4.418431","104.791","true","true"
"team2_200.txt","13","123456801","1000","20","5000","500","1500","247.2750930101","246.6829835131","246.6829835122","246.683","6.683800665798585E-06","7656","101893","140","3.690201","101.823","true","true"
"team2_200.txt","14","123456802","1000","20","5000","500","1500","247.2599214026","246.6829835172","246.6829835168","246.683","6.681935925695744E-06","7641","100555","101","3.019963","100.487","true","true"
"team2_200.txt","15","123456803","1000","20","5000","500","1500","247.2750930101","246.682983567","246.6829835657","246.683","6.662112911615989E-06","7558","104618","119","4.132582","104.55","true","true"
"team2_200.txt","16","123456804","1000","20","5000","500","1500","247.2599214026","246.6829835125","246.6829835124","246.683","6.683719588639128E-06","8110","102784","115","3.362969","102.721","true","true"
"team2_200.txt","17","123456805","1000","20","5000","500","1500","247.2750930101","246.6829835118","246.6829835118","246.683","6.683962820117498E-06","8603","102607","108","3.754418","102.532","true","true"
"team2_200.txt","18","123456806","1000","20","5000","500","1500","247.2750930101","246.6829835086","246.6829835086","246.683","6.685260031625696E-06","6820","92360","122","2.548058","92.2938","true","true"
"team2_200.txt","19","123456807","1000","20","5000","500","1500","247.4044451378","246.6829835125","246.6829835124","246.683","6.683719588639128E-06","7087","95121","127","6.409983","95.0529","true","true"
"team2_200.txt","20","123456808","1000","20","5000","500","1500","247.2750930101","246.6829835098","246.6829835098","246.683","6.684773568668958E-06","6991","91855","114","2.250287","91.7885","true","true"
"team2_200rdmRad.txt","1","123456789","1000","20","5000","500","1500","624.0880692995","613.6594812285","613.659481222","613.659","-7.841847018656042E-05","15559","228915","321","133.213175","228.78","true","true"
"team2_200rdmRad.txt","2","123456790","1000","20","5000","500","1500","624.0880692995","613.6594811885","613.6594811883","613.659","-7.841297854349283E-05","14620","242939","321","124.972281","242.788","true","true"
"team2_200rdmRad.txt","3","123456791","1000","20","5000","500","1500","624.0880692995","613.6594811948","613.6594811947","613.659","-7.841402146806975E-05","11149","320892","367","236.114051","320.748","true","true"
"team2_200rdmRad.txt","4","123456792","1000","20","5000","500","1500","624.0880692995","613.6594811911","613.6594811907","613.659","-7.841336964715644E-05","13967","225137","584","136.478458","225.012","true","true"
"team2_200rdmRad.txt","5","123456793","1000","20","5000","500","1500","624.0880692995","613.6594812051","613.6594812022","613.659","-7.841524365080827E-05","13352","198570","370","107.456101","198.472","true","true"
"team2_200rdmRad.txt","6","123456794","1000","20","5000","500","1500","624.0880692995","613.6594811862","613.6594811862","613.659","-7.841263633010292E-05","12927","189001","285","102.687155","188.9","true","true"
"team2_200rdmRad.txt","7","123456795","1000","20","5000","500","1500","624.0880692995","613.6594811892","613.6594811892","613.659","-7.841312521431396E-05","12865","200957","196","116.176147","200.848","true","true"
"team2_200rdmRad.txt","8","123456796","1000","20","5000","500","1500","624.0880692995","614.9782813176","614.9782813176","613.659","-0.21498606190083255","13201","224591","325","134.630196","224.469","true","true"
"team2_200rdmRad.txt","9","123456797","1000","20","5000","500","1500","624.0880692995","613.6594811865","613.6594811864","613.659","-7.841266891744336E-05","13216","227308","163","138.234725","227.188","true","true"
"team2_200rdmRad.txt","10","123456798","1000","20","5000","500","1500","624.0880692995","617.988327344","617.9883273433","613.659","-0.7054939866114674","14069","250856","195","165.970527","250.724","true","true"
"team2_200rdmRad.txt","11","123456799","1000","20","5000","500","1500","624.0880692995","613.6594811965","613.6594811939","613.659","-7.841389110018188E-05","13216","243906","282","154.65507","243.775","true","true"
"team2_200rdmRad.txt","12","123456800","1000","20","5000","500","1500","624.0880692995","613.6797219588","613.6797219556","613.659","-0.0033767867170591812","13782","124363","355","36.414419","124.289","true","true"
"team2_200rdmRad.txt","13","123456801","1000","20","5000","500","1500","624.0880692995","613.6594811885","613.6594811884","613.659","-7.841299484642609E-05","13682","208469","272","117.837696","208.359","true","true"
"team2_200rdmRad.txt","14","123456802","1000","20","5000","500","1500","624.0880692995","617.9883273363","617.9883273363","613.659","-0.7054939854707624","14171","200280","180","110.597656","200.184","true","true"
"team2_200rdmRad.txt","15","123456803","1000","20","5000","500","1500","624.0880692995","613.6594811881","613.6594811881","613.659","-7.841294595615237E-05","13681","287669","340","198.994448","287.538","true","true"
"team2_200rdmRad.txt","16","123456804","1000","20","5000","500","1500","624.0880692995","616.8016215643","616.8016215643","613.659","-0.5121120303458506","13639","384141","351","293.105575","383.963","true","true"
"team2_200rdmRad.txt","17","123456805","1000","20","5000","500","1500","624.0880692995","616.7844574305","616.7844574299","613.659","-0.5093150153261099","13696","223012","365","133.304573","222.894","true","true"
"team2_200rdmRad.txt","18","123456806","1000","20","5000","500","1500","624.0880692995","613.6594811898","613.6594811898","613.659","-7.841322297633531E-05","12226","284109","203","198.939238","283.972","true","true"
"team2_200rdmRad.txt","19","123456807","1000","20","5000","500","1500","624.0880692995","613.6594811857","613.6594811857","613.659","-7.841255485248875E-05","12557","220351","348","136.414074","220.234","true","true"
"team2_200rdmRad.txt","20","123456808","1000","20","5000","500","1500","624.0880692995","613.6594811868","613.6594811868","613.659","-7.841273411065033E-05","12412","227586","203","144.026257","227.471","true","true"
"team3_300.txt","1","123456789","1000","20","5000","500","1500","463.0362689602","461.8895391939","461.8895391935","461.889","-0.00011673659688873753","22082","537689","227","343.72535","537.538","true","true"
"team3_300.txt","2","123456790","1000","20","5000","500","1500","463.1187025768","461.9574112185","461.9574112183","461.889","-0.014811181539290574","21923","267620","267","44.104655","267.523","true","true"
"team3_300.txt","3","123456791","1000","20","5000","500","1500","463.1187025768","461.8998416724","461.8981188752","461.889","-0.00197425684525676","16041","301625","207","140.102709","301.536","true","true"
"team3_300.txt","4","123456792","1000","20","5000","500","1500","463.1626770517","461.8993379865","461.8993379865","461.889","-0.0022381971642456144","19102","226580","226","60.121685","226.499","true","true"
"team3_300.txt","5","123456793","1000","20","5000","500","1500","463.0891333392","461.8967090417","461.8967090316","461.889","-0.001669022557361748","19182","181339","217","16.817176","181.264","true","true"
"team3_300.txt","6","123456794","1000","20","5000","500","1500","462.920105818","461.8902719553","461.8902719553","461.889","-0.000275381163009392","18351","481474","234","314.396346","481.327","true","true"
"team3_300.txt","7","123456795","1000","20","5000","500","1500","463.1187025768","461.8891654793","461.8891654793","461.889","-3.582663800054366E-05","18615","228196","175","61.976084","228.12","true","true"
"team3_300.txt","8","123456796","1000","20","5000","500","1500","462.920105818","461.8886627296","461.8886627285","461.889","7.30200329580486E-05","19012","412790","182","251.285413","412.664","true","true"
"team3_300.txt","9","123456797","1000","20","5000","500","1500","462.9485011259","461.8885926673","461.888592664","461.889","8.818915367618758E-05","19029","188381","182","21.782091","188.308","true","true"
"team3_300.txt","10","123456798","1000","20","5000","500","1500","462.920105818","462.002555709","462.0025557008","461.889","-0.024585062818115108","18853","175767","197","13.526309","175.695","true","true"
"team3_300.txt","11","123456799","1000","20","5000","500","1500","462.920105818","461.9492966523","461.9177017688","461.889","-0.0062139970425743925","19001","292802","221","123.67182","292.716","true","true"
"team3_300.txt","12","123456800","1000","20","5000","500","1500","462.920105818","461.8930529376","461.8930529366","461.889","-0.0008774698249960412","19242","324387","300","151.600485","324.297","true","true"
"team3_300.txt","13","123456801","1000","20","5000","500","1500","462.920105818","461.9084718387","461.9078516079","461.889","-0.004081415210145648","19628","256432","206","84.354223","256.345","true","true"
"team3_300.txt","14","123456802","1000","20","5000","500","1500","463.1416251185","461.9084298017","461.9066568838","461.889","-0.0038227547744126063","19906","203042","221","29.995435","202.966","true","true"
"team3_300.txt","15","123456803","1000","20","5000","500","1500","462.920105818","461.8986315055","461.8986315019","461.889","-0.0020852416706184946","19639","250719","209","84.286203","250.634","true","true"
"team3_300.txt","16","123456804","1000","20","5000","500","1500","463.1416251185","461.8891653292","461.8891653288","461.889","-3.5794054414440086E-05","19709","189993","207","18.215819","189.915","true","true"
"team3_300.txt","17","123456805","1000","20","5000","500","1500","462.920105818","461.8908447961","461.8908447938","461.889","-0.0003994019775291195","19823","179807","205","5.412204","179.731","true","true"
"team3_300.txt","18","123456806","1000","20","5000","500","1500","462.920105818","461.9041657501","461.90416575","461.889","-0.0032834187434630843","17661","169433","317","6.977086","169.364","true","true"
"team3_300.txt","19","123456807","1000","20","5000","500","1500","463.1187025768","461.8913642132","461.891364213","461.889","-0.0005118573943013074","17812","165061","187","8.837377","164.993","true","true"
"team3_300.txt","20","123456808","1000","20","5000","500","1500","462.920105818","461.8917757251","461.8917757247","461.889","-0.0006009505963494845","18413","155334","160","4.853957","155.264","true","true"
"team3_300rdmRad.txt","1","123456789","1000","20","5000","500","1500","379.1259041389","378.0871423215","378.0871423215","378.087","-3.76425267182312E-05","4611","110143","427","42.64871","110.05","true","true"
"team3_300rdmRad.txt","2","123456790","1000","20","5000","500","1500","379.1259041389","378.0871423218","378.0871423218","378.087","-3.7642606070222874E-05","4483","102226","486","17.513665","102.125","true","true"
"team3_300rdmRad.txt","3","123456791","1000","20","5000","500","1500","379.1259041389","378.0871423216","378.0871423216","378.087","-3.764255317891808E-05","3559","63882","178","14.045816","63.8182","true","true"
"team3_300rdmRad.txt","4","123456792","1000","20","5000","500","1500","379.1259041389","378.0871423217","378.0871423217","378.087","-3.764257962457048E-05","4076","67116","458","7.240897","67.0453","true","true"
"team3_300rdmRad.txt","5","123456793","1000","20","5000","500","1500","379.1259041389","378.0871423219","378.0871423219","378.087","-3.7642632515875264E-05","4089","66587","332","6.125813","66.519","true","true"
"team3_300rdmRad.txt","6","123456794","1000","20","5000","500","1500","379.1259041389","378.0871423218","378.0871423218","378.087","-3.7642606070222874E-05","3925","76747","207","16.522515","76.6799","true","true"
"team3_300rdmRad.txt","7","123456795","1000","20","5000","500","1500","379.1259041389","378.0871423218","378.0871423218","378.087","-3.7642606070222874E-05","3891","73297","373","13.564603","73.2316","true","true"
"team3_300rdmRad.txt","8","123456796","1000","20","5000","500","1500","379.1259041389","378.0871423216","378.0871423216","378.087","-3.764255317891808E-05","4075","67892","343","7.867515","67.824","true","true"
"team3_300rdmRad.txt","9","123456797","1000","20","5000","500","1500","379.1259041389","378.0871423218","378.0871423218","378.087","-3.7642606070222874E-05","4080","79411","411","17.108653","79.3398","true","true"
"team3_300rdmRad.txt","10","123456798","1000","20","5000","500","1500","379.1259041389","378.087142322","378.087142322","378.087","-3.764265896152766E-05","4019","84763","500","24.08243","84.6918","true","true"
"team3_300rdmRad.txt","11","123456799","1000","20","5000","500","1500","379.1259041389","378.0871423216","378.0871423216","378.087","-3.764255317891808E-05","3977","75153","433","13.814781","75.0858","true","true"
"team3_300rdmRad.txt","12","123456800","1000","20","5000","500","1500","379.1259041389","378.0871423217","378.0871423217","378.087","-3.764257962457048E-05","4476","64794","399","4.19246","64.7174","true","true"
"team3_300rdmRad.txt","13","123456801","1000","20","5000","500","1500","379.1259041389","378.087142322","378.087142322","378.087","-3.764265896152766E-05","4203","65198","314","2.27061","65.1335","true","true"
"team3_300rdmRad.txt","14","123456802","1000","20","5000","500","1500","379.1259041389","378.0871423218","378.0871423218","378.087","-3.7642606070222874E-05","4195","75529","257","12.092403","75.4621","true","true"
"team3_300rdmRad.txt","15","123456803","1000","20","5000","500","1500","379.1259041389","378.0871423216","378.0871423216","378.087","-3.764255317891808E-05","4174","79606","254","15.641565","79.5365","true","true"
"team3_300rdmRad.txt","16","123456804","1000","20","5000","500","1500","379.1259041389","378.0871423222","378.0871423222","378.087","-3.764271186786694E-05","4144","66652","405","5.407241","66.5807","true","true"
"team3_300rdmRad.txt","17","123456805","1000","20","5000","500","1500","379.1259041389","378.0871423215","378.0871423215","378.087","-3.76425267182312E-05","4145","71070","379","8.454776","71.0009","true","true"
"team3_300rdmRad.txt","18","123456806","1000","20","5000","500","1500","379.1259041389","378.0871423215","378.0871423215","378.087","-3.76425267182312E-05","3836","75146","497","17.161343","75.0735","true","true"
"team3_300rdmRad.txt","19","123456807","1000","20","5000","500","1500","379.1259041389","378.0871423218","378.0871423218","378.087","-3.7642606070222874E-05","3843","76017","365","19.688753","75.948","true","true"
"team3_300rdmRad.txt","20","123456808","1000","20","5000","500","1500","379.1259041389","378.0871423218","378.0871423218","378.087","-3.7642606070222874E-05","3861","65081","456","6.421752","65.0159","true","true"
"team4_400.txt","1","123456789","1000","20","5000","500","1500","674.4471024702","669.0319379242","669.0319379232","669.91","0.131071647952711","39876","723027","404","486.146342","722.849","true","true"
"team4_400.txt","2","123456790","1000","20","5000","500","1500","675.0851538841","668.886564133","668.8485747089","669.91","0.1584429686226541","43453","1320627","296","1051.294159","1320.4","true","true"
"team4_400.txt","3","123456791","1000","20","5000","500","1500","675.0851538841","672.8464756944","672.846475694","669.91","-0.4383388356644958","29474","219640","221","22.885914","219.569","true","true"
"team4_400.txt","4","123456792","1000","20","5000","500","1500","676.4119301058","672.3140675183","672.314067514","669.91","-0.35886425251154275","35265","534734","269","337.822776","534.598","true","true"
"team4_400.txt","5","123456793","1000","20","5000","500","1500","674.6057628419","674.6057628419","674.6026085142","669.91","-0.7004834252660895","34930","639544","501","4.163985","639.395","true","true"
"team4_400.txt","6","123456794","1000","20","5000","500","1500","675.3425169614","675.3425169614","675.3157684379","669.91","-0.8069395049932178","34149","600250","245","3.950881","600.109","true","true"
"team4_400.txt","7","123456795","1000","20","5000","500","1500","675.0851538841","675.0851538841","675.0223285174","669.91","-0.7631366179636052","33491","616456","254","4.033943","616.317","true","true"
"team4_400.txt","8","123456796","1000","20","5000","500","1500","675.3425169614","675.3425169614","675.3157684379","669.91","-0.8069395049932178","34239","617203","244","4.251485","617.058","true","true"
"team4_400.txt","9","123456797","1000","20","5000","500","1500","674.6057628419","674.6057628419","674.6026085142","669.91","-0.7004834252660895","34448","622842","484","4.189936","622.705","true","true"
"team4_400.txt","10","123456798","1000","20","5000","500","1500","675.3425169614","675.3425169614","675.3157684379","669.91","-0.8069395049932178","34554","624488","239","4.252794","624.327","true","true"
"team4_400.txt","11","123456799","1000","20","5000","500","1500","674.9911954284","674.8431722831","674.8274261127","669.91","-0.7340427986893783","34427","434450","277","225.587319","434.312","true","true"
"team4_400.txt","12","123456800","1000","20","5000","500","1500","674.9911954284","674.9911954284","674.9911954284","669.91","-0.758489263990695","35516","650541","240","4.379898","650.38","true","true"
"team4_400.txt","13","123456801","1000","20","5000","500","1500","674.9911954284","674.0782948575","674.0745644933","669.91","-0.6216602966518006","35727","753098","614","534.129091","752.94","true","true"
"team4_400.txt","14","123456802","1000","20","5000","500","1500","676.1022383308","676.1022383308","676.0627887385","669.91","-0.9184500512755477","36250","668689","255","4.469978","668.533","true","true"
"team4_400.txt","15","123456803","1000","20","5000","500","1500","675.3425169614","675.3425169614","675.3157684379","669.91","-0.8069395049932178","36076","648983","243","4.267965","648.829","true","true"
"team4_400.txt","16","123456804","1000","20","5000","500","1500","675.0699086718","673.1215593646","672.7972922981","669.91","-0.4309970440954872","35531","403444","279","202.061922","403.345","true","true"
"team4_400.txt","17","123456805","1000","20","5000","500","1500","675.3425169614","675.3425169614","675.3157684379","669.91","-0.8069395049932178","35789","667819","238","4.234214","667.653","true","true"
"team4_400.txt","18","123456806","1000","20","5000","500","1500","675.3425169614","675.3425169614","675.3157684379","669.91","-0.8069395049932178","32875","588186","230","4.059349","588.044","true","true"
"team4_400.txt","19","123456807","1000","20","5000","500","1500","675.0851538841","675.0851538841","675.0223285174","669.91","-0.7631366179636052","32770","596798","245","3.984365","596.66","true","true"
"team4_400.txt","20","123456808","1000","20","5000","500","1500","675.3425169614","669.4660416373","669.4660416364","669.91","0.06627134444925706","32705","614119","169","446.612053","613.993","true","true"
"team4_400rdmRad.txt","1","123456789","1000","20","5000","500","1500","1005.9476788089","984.7002760734","984.7002760734","984.24","-0.046764617715190984","46194","1102221","996","885.132725","1101.98","true","true"
"team4_400rdmRad.txt","2","123456790","1000","20","5000","500","1500","1005.9476788089","984.7187232795","984.7187232761","984.24","-0.04863887630049854","53112","1423553","1230","1218.446813","1423.31","true","true"
"team4_400rdmRad.txt","3","123456791","1000","20","5000","500","1500","1005.9476788089","985.7100468552","985.7100468546","984.24","-0.1493585766276532","34981","584895","919","397.908685","584.739","true","true"
"team4_400rdmRad.txt","4","123456792","1000","20","5000","500","1500","1005.9476788089","984.9541099377","984.9541099339","984.24","-0.07255445154636843","40922","819804","1074","634.264125","819.63","true","true"
"team4_400rdmRad.txt","5","123456793","1000","20","5000","500","1500","1005.9476788089","984.9505148117","984.9505148112","984.24","-0.07218918263838371","40030","869695","1229","688.3675","869.498","true","true"
"team4_400rdmRad.txt","6","123456794","1000","20","5000","500","1500","1005.9476788089","984.9499881833","984.9499881798","984.24","-0.07213567623750375","39109","570518","881","393.645266","570.374","true","true"
"team4_400rdmRad.txt","7","123456795","1000","20","5000","500","1500","1005.9476788089","984.9499969224","984.9499969224","984.24","-0.07213656449646665","38909","811567","916","633.333037","811.402","true","true"
"team4_400rdmRad.txt","8","123456796","1000","20","5000","500","1500","1005.9476788089","984.9581424195","984.9581424194","984.24","-0.07296415705519081","39328","634653","1120","450.064407","634.514","true","true"
"team4_400rdmRad.txt","9","123456797","1000","20","5000","500","1500","1005.9476788089","984.9499969423","984.9499969386","984.24","-0.0721365661423985","40449","821815","765","637.342651","821.641","true","true"
"team4_400rdmRad.txt","10","123456798","1000","20","5000","500","1500","1005.9476788089","984.9521336519","984.9521336518","984.24","-0.07235365884336598","40123","828562","1155","642.364115","828.387","true","true"
"team4_400rdmRad.txt","11","123456799","1000","20","5000","500","1500","1005.9476788089","987.783517002","987.783517002","984.24","-0.3600257053157811","39645","949134","1202","761.335436","948.921","true","true"
"team4_400rdmRad.txt","12","123456800","1000","20","5000","500","1500","1005.9476788089","984.9632419567","984.9632419567","984.24","-0.07348227634520116","41115","591316","835","400.918778","591.162","true","true"
"team4_400rdmRad.txt","13","123456801","1000","20","5000","500","1500","1005.9476788089","984.6659091123","984.6659091102","984.24","-0.043272891794683785","41069","632078","1243","439.717942","631.928","true","true"
"team4_400rdmRad.txt","14","123456802","1000","20","5000","500","1500","1005.9476788089","984.9499881712","984.9499881712","984.24","-0.0721356753637262","41624","652490","1184","457.595292","652.337","true","true"
"team4_400rdmRad.txt","15","123456803","1000","20","5000","500","1500","1005.9476788089","984.5019854151","984.5019854147","984.24","-0.026618041808909098","41423","784686","862","589.714303","784.521","true","true"
"team4_400rdmRad.txt","16","123456804","1000","20","5000","500","1500","1005.9476788089","984.3209856342","984.3209856342","984.24","-0.008228240490127714","41317","752761","1021","556.404093","752.59","true","true"
"team4_400rdmRad.txt","17","123456805","1000","20","5000","500","1500","1005.9476788089","986.0956018546","986.0956018535","984.24","-0.18853144085792567","41448","695882","961","505.792131","695.731","true","true"
"team4_400rdmRad.txt","18","123456806","1000","20","5000","500","1500","1005.9476788089","984.9499881861","984.9499881861","984.24","-0.07213567687758708","38221","523846","982","349.261082","523.718","true","true"
"team4_400rdmRad.txt","19","123456807","1000","20","5000","500","1500","1005.9476788089","984.9831576897","984.9831576896","984.24","-0.07550573941315382","37587","623341","876","443.677385","623.199","true","true"
"team4_400rdmRad.txt","20","123456808","1000","20","5000","500","1500","1005.9476788089","985.8917228103","985.8917228072","984.24","-0.16781707786719","38170","592129","775","443.977725","591.997","true","true"
"team5_499.txt","1","123456789","1000","20","5000","500","1500","704.9128069228","697.5668227551","697.566822755","693.798","-0.5432161457657667","52437","1393731","492","1037.722009","1393.53","true","true"
"team5_499.txt","2","123456790","1000","20","5000","500","1500","704.9160783486","695.0844265555","695.0844265551","693.798","-0.1854180258663154","55496","1782944","474","1280.781064","1782.74","true","true"
"team5_499.txt","3","123456791","1000","20","5000","500","1500","704.9160783486","695.7961176403","695.7961176403","693.798","-0.2879970308793124","39530","1349410","396","1008.768362","1349.23","true","true"
"team5_499.txt","4","123456792","1000","20","5000","500","1500","704.8868535859","694.7876158916","694.7813556388","693.798","-0.14173515040401513","44906","854613","363","549.920262","854.481","true","true"
"team5_499.txt","5","123456793","1000","20","5000","500","1500","704.6579391813","695.9628048039","695.9623597812","693.798","-0.31195820414587605","44488","1026556","396","713.261005","1026.41","true","true"
"team5_499.txt","6","123456794","1000","20","5000","500","1500","705.257650263","696.2732871038","696.2727121787","693.798","-0.35669058986909363","43122","810253","326","499.186568","810.113","true","true"
"team5_499.txt","7","123456795","1000","20","5000","500","1500","704.9160783486","695.7608700765","695.7607137794","693.798","-0.2828941247164188","42132","1161368","349","869.825628","1161.2","true","true"
"team5_499.txt","8","123456796","1000","20","5000","500","1500","705.257650263","695.841361035","695.8413610304","693.798","-0.2945181494325407","44487","1498309","372","1182.052088","1498.09","true","true"
"team5_499.txt","9","123456797","1000","20","5000","500","1500","705.1320178625","695.1926663589","695.1834709082","693.798","-0.1996937016537922","44586","809558","324","484.267613","809.417","true","true"
"team5_499.txt","10","123456798","1000","20","5000","500","1500","705.257650263","694.5285171906","694.5285171881","693.798","-0.10529248975926024","43950","1366163","327","1050.969975","1365.97","true","true"
"team5_499.txt","11","123456799","1000","20","5000","500","1500","705.257650263","694.2729578111","694.2729578065","693.798","-0.06845764999322787","44536","1171564","415","865.055265","1171.38","true","true"
"team5_499.txt","12","123456800","1000","20","5000","500","1500","705.3698086107","694.5393632841","694.5392785798","693.798","-0.10684357403739934","45470","1459016","370","1142.149339","1458.81","true","true"
"team5_499.txt","13","123456801","1000","20","5000","500","1500","705.257650263","694.9712891738","694.9712891636","693.798","-0.1691110616634777","45877","1031375","911","712.17867","1031.22","true","true"
"team5_499.txt","14","123456802","1000","20","5000","500","1500","705.2665410244","694.5123181288","694.5123181251","693.798","-0.10295765123278267","46173","1236800","416","912.95008","1236.63","true","true"
"team5_499.txt","15","123456803","1000","20","5000","500","1500","705.3698086107","696.2117519095","696.2117519091","693.798","-0.3479041319087153","45754","862635","368","543.92292","862.494","true","true"
"team5_499.txt","16","123456804","1000","20","5000","500","1500","704.8868535859","696.1397446657","696.1380648863","693.798","-0.33728331391845406","45741","1175206","500","861.786784","1175.04","true","true"
"team5_499.txt","17","123456805","1000","20","5000","500","1500","705.257650263","695.7765783234","695.7662070367","693.798","-0.28368589080684153","45465","1190618","327","903.277414","1190.46","true","true"
"team5_499.txt","18","123456806","1000","20","5000","500","1500","705.2665410244","695.8214072262","695.8214072261","693.798","-0.2916421243791346","42479","1254400","391","954.41421","1254.22","true","true"
"team5_499.txt","19","123456807","1000","20","5000","500","1500","704.9160783486","695.7576704024","695.7576704024","693.798","-0.2824554700935977","41780","1173732","384","886.246076","1173.57","true","true"
"team5_499.txt","20","123456808","1000","20","5000","500","1500","705.257650263","695.110267535","695.1102675349","693.798","-0.1891425940835808","42206","941106","405","717.198263","940.96","true","true"
"team5_499rdmRad.txt","1","123456789","1000","20","5000","500","1500","446.5160087919","446.1911866702","446.1911866702","446.191","-4.1836388460780786E-05","7111","77184","397","2.410375","77.0929","true","true"
"team5_499rdmRad.txt","2","123456790","1000","20","5000","500","1500","446.5160087919","446.1911866711","446.1911866711","446.191","-4.183659016853617E-05","7811","94430","811","2.472908","94.3466","true","true"
"team5_499rdmRad.txt","3","123456791","1000","20","5000","500","1500","446.5160087919","446.1911866703","446.1911866703","446.191","-4.183641086992256E-05","5936","67252","549","1.760655","67.1848","true","true"
"team5_499rdmRad.txt","4","123456792","1000","20","5000","500","1500","446.5160087919","446.1911866702","446.1911866702","446.191","-4.1836388460780786E-05","6114","70562","740","2.479711","70.4974","true","true"
"team5_499rdmRad.txt","5","123456793","1000","20","5000","500","1500","446.5160087919","446.19118667","446.19118667","446.191","-4.1836343629757526E-05","6105","67974","636","1.888166","67.9032","true","true"
"team5_499rdmRad.txt","6","123456794","1000","20","5000","500","1500","446.5160087919","446.1911866698","446.1911866698","446.191","-4.183629881147398E-05","5876","66807","383","1.698333","66.7428","true","true"
"team5_499rdmRad.txt","7","123456795","1000","20","5000","500","1500","446.5160087919","446.1911866699","446.1911866699","446.191","-4.183632122061576E-05","5769","67370","561","1.72872","67.3089","true","true"
"team5_499rdmRad.txt","8","123456796","1000","20","5000","500","1500","446.5160087919","446.1911866704","446.1911866704","446.191","-4.183643327906433E-05","6018","70726","531","1.741608","70.6553","true","true"
"team5_499rdmRad.txt","9","123456797","1000","20","5000","500","1500","446.5160087919","446.1911866702","446.1911866702","446.191","-4.1836388460780786E-05","6057","69604","662","2.40009","69.5387","true","true"
"team5_499rdmRad.txt","10","123456798","1000","20","5000","500","1500","446.5160087919","446.1911866699","446.1911866699","446.191","-4.183632122061576E-05","6001","69857","596","2.344259","69.7899","true","true"
"team5_499rdmRad.txt","11","123456799","1000","20","5000","500","1500","446.5160087919","446.1911866702","446.1911866702","446.191","-4.1836388460780786E-05","6173","69932","631","2.877074","69.8656","true","true"
"team5_499rdmRad.txt","12","123456800","1000","20","5000","500","1500","446.5160087919","446.1911866698","446.1911866698","446.191","-4.183629881147398E-05","6212","71495","487","2.325073","71.4277","true","true"
"team5_499rdmRad.txt","13","123456801","1000","20","5000","500","1500","446.5160087919","446.19118667","446.19118667","446.191","-4.1836343629757526E-05","6372","70053","533","2.085534","69.9864","true","true"
"team5_499rdmRad.txt","14","123456802","1000","20","5000","500","1500","446.5160087919","446.1911866702","446.1911866702","446.191","-4.1836388460780786E-05","6291","71839","583","1.827997","71.7762","true","true"
"team5_499rdmRad.txt","15","123456803","1000","20","5000","500","1500","446.5160087919","446.1911866699","446.1911866699","446.191","-4.183632122061576E-05","6196","71041","642","2.068742","70.973","true","true"
"team5_499rdmRad.txt","16","123456804","1000","20","5000","500","1500","446.5160087919","446.1911866713","446.1911866713","446.191","-4.1836634986819714E-05","6201","69816","694","2.112107","69.7487","true","true"
"team5_499rdmRad.txt","17","123456805","1000","20","5000","500","1500","446.5160087919","446.1911866701","446.1911866701","446.191","-4.183636605163901E-05","6196","72318","552","2.615992","72.2531","true","true"
"team5_499rdmRad.txt","18","123456806","1000","20","5000","500","1500","446.5160087919","446.19118667","446.19118667","446.191","-4.1836343629757526E-05","5762","66499","319","1.731362","66.4362","true","true"
"team5_499rdmRad.txt","19","123456807","1000","20","5000","500","1500","446.5160087919","446.1911866702","446.1911866702","446.191","-4.1836388460780786E-05","5731","67058","506","2.018474","66.9944","true","true"
"team5_499rdmRad.txt","20","123456808","1000","20","5000","500","1500","446.5160087919","446.1911866698","446.1911866698","446.191","-4.183629881147398E-05","5725","66836","503","1.675763","66.7752","true","true"
"team6_500.txt","1","123456789","1000","20","5000","500","1500","225.4818716946","225.2160045843","225.2160045842","225.216","-2.0354681660926355E-06","21359","189354","315","9.554213","189.269","true","true"
"team6_500.txt","2","123456790","1000","20","5000","500","1500","225.2856233039","225.2160045843","225.2160045841","225.216","-2.0354237697914063E-06","23198","239702","1406","9.787411","239.59","true","true"
"team6_500.txt","3","123456791","1000","20","5000","500","1500","225.2787749313","225.216004584","225.216004584","225.216","-2.0353793608704213E-06","18189","177378","1203","6.737803","177.303","true","true"
"team6_500.txt","4","123456792","1000","20","5000","500","1500","225.4549203542","225.2160045859","225.2160045859","225.216","-2.0362230041715776E-06","18783","183130","406","6.754121","183.055","true","true"
"team6_500.txt","5","123456793","1000","20","5000","500","1500","225.3845481982","225.2160045845","225.2160045844","225.216","-2.0355569713148497E-06","18418","178272","1166","8.482557","178.198","true","true"
"team6_500.txt","6","123456794","1000","20","5000","500","1500","225.3872667255","225.2160045848","225.2160045846","225.216","-2.035645776537064E-06","17694","175717","330","9.331182","175.64","true","true"
"team6_500.txt","7","123456795","1000","20","5000","500","1500","225.3872667255","225.2160045838","225.2160045838","225.216","-2.035290555648207E-06","17547","179631","1150","7.12822","179.559","true","true"
"team6_500.txt","8","123456796","1000","20","5000","500","1500","225.3872667255","225.2160045856","225.2160045852","225.216","-2.0359121922037064E-06","18389","181833","240","6.852302","181.762","true","true"
"team6_500.txt","9","123456797","1000","20","5000","500","1500","225.4013219861","225.2160045851","225.216004585","225.216","-2.035823386981492E-06","18067","184291","985","6.770801","184.215","true","true"
"team6_500.txt","10","123456798","1000","20","5000","500","1500","225.3872667255","225.2160045849","225.2160045845","225.216","-2.0356013802358347E-06","18006","177772","1262","6.663443","177.695","true","true"
"team6_500.txt","11","123456799","1000","20","5000","500","1500","225.3872667255","225.216004585","225.2160045846","225.216","-2.035645776537064E-06","18189","175023","217","6.849617","174.942","true","true"
"team6_500.txt","12","123456800","1000","20","5000","500","1500","225.3872667255","225.2160045849","225.2160045847","225.216","-2.035690172838293E-06","18543","180950","254","8.343009","180.873","true","true"
"team6_500.txt","13","123456801","1000","20","5000","500","1500","225.4799409865","225.2160045898","225.2160045894","225.216","-2.0377770640109352E-06","18622","182465","276","8.30107","182.387","true","true"
"team6_500.txt","14","123456802","1000","20","5000","500","1500","225.3872667255","225.2160045848","225.2160045847","225.216","-2.035690172838293E-06","23139","182191","1601","6.955657","182.114","true","true"
"team6_500.txt","15","123456803","1000","20","5000","500","1500","225.3872667255","225.2160045841","225.2160045841","225.216","-2.0354237697914063E-06","18914","171687","429","7.114624","171.607","true","true"
"team6_500.txt","16","123456804","1000","20","5000","500","1500","225.4799409865","225.2160045845","225.2160045845","225.216","-2.0356013802358347E-06","18680","180944","1729","7.075107","180.863","true","true"
"team6_500.txt","17","123456805","1000","20","5000","500","1500","225.2856233039","225.2160045839","225.2160045839","225.216","-2.035334964569192E-06","18936","195240","342","9.82239","195.15","true","true"
"team6_500.txt","18","123456806","1000","20","5000","500","1500","225.3872667255","225.2160045839","225.2160045838","225.216","-2.035290555648207E-06","18423","166718","891","6.882502","166.647","true","true"
"team6_500.txt","19","123456807","1000","20","5000","500","1500","225.2856233039","225.2160045855","225.2160045853","225.216","-2.035956588504935E-06","17240","170858","276","7.491064","170.787","true","true"
"team6_500.txt","20","123456808","1000","20","5000","500","1500","225.3872667255","225.2160045845","225.2160045845","225.216","-2.0356013802358347E-06","18715","166471","1014","6.657575","166.4","true","true"
"team6_500rdmRad.txt","1","123456789","1000","20","5000","500","1500","625.8802946606","620.9105032041","620.910503204","620.886","-0.003946490015877984","17541","276463","609","149.41083","276.339","true","true"
"team6_500rdmRad.txt","2","123456790","1000","20","5000","500","1500","625.8802946606","620.8900889914","620.8900889904","620.886","-0.0006585734579420085","22392","350464","682","177.779215","350.304","true","true"
"team6_500rdmRad.txt","3","123456791","1000","20","5000","500","1500","625.8802946606","620.9105032056","620.9105032055","620.886","-0.003946490257483983","16047","294900","537","179.378071","294.778","true","true"
"team6_500rdmRad.txt","4","123456792","1000","20","5000","500","1500","625.8802946606","620.8858587199","620.8858587186","620.886","2.2754805216985895E-05","16622","175636","480","60.730073","175.555","true","true"
"team6_500rdmRad.txt","5","123456793","1000","20","5000","500","1500","625.8802946606","620.9105032123","620.9105032123","620.886","-0.003946491352685167","16208","153407","480","38.382329","153.333","true","true"
"team6_500rdmRad.txt","6","123456794","1000","20","5000","500","1500","625.8802946606","620.9105032018","620.9105032018","620.886","-0.003946489661553036","16009","264212","521","150.335927","264.097","true","true"
"team6_500rdmRad.txt","7","123456795","1000","20","5000","500","1500","625.8802946606","621.8525908819","621.8525908819","620.886","-0.1556792844258142","15539","186515","459","76.344044","186.434","true","true"
"team6_500rdmRad.txt","8","123456796","1000","20","5000","500","1500","625.8802946606","620.9105032087","620.9105032087","620.886","-0.00394649077286739","16312","162226","467","48.170811","162.15","true","true"
"team6_500rdmRad.txt","9","123456797","1000","20","5000","500","1500","625.8802946606","620.9160995031","620.9160995029","620.886","-0.004847830825633573","16153","238303","474","122.558697","238.198","true","true"
"team6_500rdmRad.txt","10","123456798","1000","20","5000","500","1500","625.8802946606","620.9105032077","620.9105032075","620.886","-0.0039464905796009015","16301","223805","840","115.498383","223.695","true","true"
"team6_500rdmRad.txt","11","123456799","1000","20","5000","500","1500","625.8802946606","620.9152985323","620.9152985323","620.886","-0.004718826370703141","16203","355664","514","241.844668","355.535","true","true"
"team6_500rdmRad.txt","12","123456800","1000","20","5000","500","1500","625.8802946606","620.9114802658","620.9114802656","620.886","-0.0041038557158610545","16611","238760","550","122.322999","238.651","true","true"
"team6_500rdmRad.txt","13","123456801","1000","20","5000","500","1500","625.8802946606","620.9154883381","620.9154883375","620.886","-0.004749396427054825","16693","182891","485","64.443038","182.811","true","true"
"team6_500rdmRad.txt","14","123456802","1000","20","5000","500","1500","625.8802946606","621.861478267","621.8614782659","620.886","-0.15711068793627997","16817","119164","1012","2.493009","119.096","true","true"
"team6_500rdmRad.txt","15","123456803","1000","20","5000","500","1500","625.8802946606","620.9105032035","620.9105032035","620.886","-0.003946489935348754","16901","278102","425","161.372232","277.99","true","true"
"team6_500rdmRad.txt","16","123456804","1000","20","5000","500","1500","625.8802946606","620.9105032073","620.9105032073","620.886","-0.003946490547392872","16699","325395","541","206.643113","325.259","true","true"
"team6_500rdmRad.txt","17","123456805","1000","20","5000","500","1500","625.8802946606","620.9105032177","620.9105032177","620.886","-0.003946492222411833","18162","418041","740","308.32735","417.868","true","true"
"team6_500rdmRad.txt","18","123456806","1000","20","5000","500","1500","625.8802946606","620.9105032164","620.9105032164","620.886","-0.0039464920130321745","15429","192116","547","85.210395","192.037","true","true"
"team6_500rdmRad.txt","19","123456807","1000","20","5000","500","1500","625.8802946606","620.9105145157","620.9105145155","620.886","-0.003948311847919389","15320","268872","497","159.75218","268.759","true","true"
"team6_500rdmRad.txt","20","123456808","1000","20","5000","500","1500","625.8802946606","620.9105145057","620.9105145057","620.886","-0.0039483102695245164","15630","196092","736","88.321321","196.011","true","true"
