10468225.7470
394400.1252 822049.4299
393779.6197 822928.6624
391925.9905 825555.1842
389951.4303 828282.0864
388743.1195 828319.6771
387525.5718 828292.5013
385687.9826 828164.2626
383697.4170 829910.6089
381160.1244 832136.6053
382475.4121 833392.2939
384541.2174 835364.4924
386069.5704 835187.3712
388045.7516 835443.0187
388143.7868 837845.3346
388382.4651 839474.4871
388616.6776 841073.1568
388015.4991 844453.6180
389158.6405 844828.1374
390053.6320 844432.8641
391917.1807 843172.1355
393625.0297 841764.4439
396092.0337 840328.7185
397210.5798 839668.8505
397583.4479 839339.0878
397280.5731 838481.4582
396661.2462 837555.6527
395590.4957 836758.2967
393932.2116 835523.4220
394742.7066 833445.6166
395380.8823 831809.5735
395259.6208 830352.9290
395906.0230 828953.4231
396722.5381 827236.3390
397839.4022 824887.6386
398887.4244 825078.4571
400082.9058 826468.9555
401227.9806 827800.8244
400091.8750 830573.7352
401861.7867 832356.9882
403486.7762 831498.4948
404759.7916 830826.4974
406384.5482 829968.8234
407570.9558 829343.4212
408224.4097 829974.8707
408774.7171 830878.0433
411629.3067 830540.7873
413131.2535 829160.7562
412666.0636 827903.5429
410728.2152 826040.3453
411879.5609 824284.3193
412486.5473 822891.8442
413247.9620 821145.0982
410478.3621 820679.7368
409681.4978 820502.0721
408360.7383 820207.6025
407804.0338 820415.4888
407220.6470 822582.2500
406561.0130 824190.4637
405187.2477 823468.4601
404749.5809 821015.8197
402326.3112 820558.2030
399562.9296 820223.6722
400760.1971 817738.7170
401585.4738 816025.8369
402866.4611 814513.4899
404289.0466 814994.7470
405404.4943 814875.2073
406419.4155 812734.9357
409101.0169 811934.6895
409661.4499 813003.8800
409594.4490 814401.0648
409539.2900 815692.1255
409873.3340 816250.8435
411923.0826 816879.7651
413870.0961 817477.1647
414258.8626 814177.7564
414519.4173 813326.0215
415656.0383 812806.0651
416675.4678 810105.1652
413491.4970 809472.7557
412608.8459 808447.5427
411759.2341 806788.5957
412325.3346 806449.0491
413662.4589 806110.2194
417110.4561 806623.3620
417754.9837 804900.8502
418474.8357 802977.0325
417163.4568 802326.9038
414105.6296 800810.9568
411844.6921 800725.1483
410968.8484 801346.6705
409604.7570 800287.6848
408631.9393 801214.4517
408270.7405 802674.3855
407946.6401 804439.6849
407624.9222 806192.0073
405033.4801 807710.1384
403525.7899 808897.3335
402000.4023 808728.9455
400141.5503 806881.3415
400226.1319 806080.6386
401167.2667 805259.6150
402124.5406 804424.5121
402962.4302 803260.5750
403917.1880 801934.2929
403626.7169 801549.8033
403236.6771 801033.5169
399847.6176 800000.2802
399379.1911 799185.6060
400163.5262 798384.6432
400918.9297 797613.2253
401276.9706 797372.1056
403024.5045 797391.6388
404168.7024 797560.0280
404926.2398 797495.0006
405918.5313 796930.4125
405336.4056 795009.3442
404714.6875 793256.6483
404429.1862 792451.7867
404415.6931 791884.5585
403527.9668 790144.9158
403153.1816 788559.5705
405797.1420 786709.7921
405849.9635 785120.7853
407518.8651 784216.0530
408605.4326 784195.0569
410108.4367 785797.4535
412216.0662 787058.7231
411340.4375 789804.6369
410227.0490 793296.1494
410073.3855 794955.5991
410156.2497 795412.7445
410539.0102 795733.5956
412222.5341 796056.8310
414328.4351 796461.1626
416514.9015 797298.5886
418577.1999 798088.4578
420799.0789 798914.3877
421869.2452 795910.9547
422794.6377 793313.8308
421270.7648 792006.9469
419029.6682 790550.1615
419327.7899 789945.7026
418465.1233 788903.9283
421157.0590 789108.0262
424378.2935 789795.6212
425235.1439 789680.1355
427775.8400 788133.7055
429209.5179 787757.3228
431324.3838 788864.9540
431391.6196 787384.8932
431397.9134 786168.1153
430975.3266 784609.0372
431266.7396 783874.6268
430819.0078 783076.5910
429421.5418 781888.3563
427582.1980 780324.4026
428617.2722 779938.1814
430567.1654 779210.6102
430880.6383 777917.9662
430180.4342 776324.6088
430161.0945 774695.1797
429500.6552 772889.1698
430239.6003 771810.5541
430598.6113 770208.5186
430785.8929 769372.8009
430842.5458 768391.5755
432563.6504 765316.5907
431726.3533 764923.7161
430584.6907 765034.4533
428238.3812 765256.3200
426916.5293 765381.3141
426119.1969 765765.2647
425302.8094 768390.2398
424939.8480 770223.1325
424488.2972 772503.3864
424258.4116 773664.2694
423736.8296 776382.4099
422848.1519 779475.4009
423076.1175 781345.9433
423379.2733 783833.4501
423318.6173 784458.3013
422009.6698 784872.6241
419081.9048 784651.8657
418052.9710 784551.9547
417112.2849 782153.6562
417888.0945 780939.2889
418646.2839 776463.5452
419035.4308 773356.1053
419348.7570 771960.2424
419623.8174 771076.6346
419629.9447 770354.2963
418576.2278 769733.2363
418559.6438 768666.3528
420189.9254 766862.5898
420241.3754 765681.6534
417064.6965 763188.5761
417509.9586 761928.1345
421408.4971 761651.5678
422381.1413 760616.4731
423399.8599 759699.8494
424722.0627 760983.6930
427774.5076 760662.1684
430289.6638 760397.2383
430803.1339 759779.0343
431515.8672 758920.9229
432543.5485 759132.6561
433089.1613 759540.8494
435232.1254 760396.0503
440011.8234 761784.9923
440549.1583 760506.4198
441360.1985 759094.1935
440913.3569 757756.6350
439568.1130 756192.8281
438196.1265 754573.6040
436781.0973 752903.5808
437999.8988 751533.3301
441230.5319 752172.5897
443702.5608 752661.7409
446398.9018 752941.7239
446803.1122 751263.7409
447290.0864 748727.2068
446810.5493 745350.8257
446527.3424 743356.7899
445261.0462 740952.6949
444782.8722 739587.9448
446672.2891 736845.7078
447644.1719 735669.8402
447975.6934 734034.6983
444945.4472 733113.4911
442016.7897 732783.2837
440744.3389 732640.1465
438691.7599 732409.4182
436851.5618 732202.9092
436107.9233 732119.4572
435025.1543 731150.3454
433279.5170 729587.9462
432833.5567 725767.0659
434892.5094 723308.3049
436058.6651 723200.9529
438800.7219 722948.5295
439622.3060 724815.2126
441689.4227 725059.2874
443841.2521 725281.6162
444679.2441 726932.2185
445424.6328 728477.9930
446878.2890 729167.0513
448163.0897 729525.3735
448090.1770 726766.3300
448086.0610 724005.5486
448082.1039 721351.3545
446707.3664 720196.4309
443434.5488 719792.1106
444295.7049 718589.9331
445264.7557 717237.1343
446945.4217 715026.4188
443919.2082 712312.6480
441463.2776 710110.2811
442419.9621 707835.3618
443621.7262 705227.2628
443108.3245 703739.7377
444753.3189 701082.1899
444599.4299 698898.0544
446924.8025 697588.5021
448985.6946 697628.3334
448281.8728 695648.0121
449105.8940 694597.2301
450271.2571 694574.6684
453159.1745 694518.2717
453418.6060 692476.4200
453731.2889 690015.4541
454011.3123 687807.3088
454650.9077 686770.7253
460581.4085 686368.9471
470888.1040 684843.2255
470180.5840 680794.7674
468176.2524 679920.5948
461815.1547 677140.5914
452080.0507 672884.7745
449642.5240 671819.1806
448004.7374 675052.4097
446911.9841 677209.6638
444771.8713 682938.1286
447506.6672 686868.8843
446124.5842 688328.8587
444356.8322 690164.3101
442970.0596 691604.1919
442566.6681 692567.0367
441884.2677 694195.8406
440594.3741 696959.6801
440323.8944 697154.4292
439381.1069 700580.8474
439052.8368 701773.8950
437595.1981 702999.5648
435987.1399 704599.5736
434675.8749 705867.5721
432682.3691 707795.3002
434051.6396 712125.5492
435113.4399 715483.4392
435569.5002 716871.1160
434350.8371 717866.8182
433502.9519 717183.5148
431427.9793 714370.4671
429677.3975 712024.8755
428144.7693 709971.3182
427277.1299 709499.1946
426007.4045 708619.2970
424617.0714 710403.3150
423315.4713 710458.0486
421730.1120 710524.7147
420667.4566 710261.5084
419105.9393 709874.7404
418360.2105 709287.2136
418544.7757 708557.4900
420213.8447 707546.1509
419075.7092 705466.3823
418913.7034 702892.7287
417849.2550 701749.3719
416750.6293 701601.5938
415627.0575 701993.5007
414143.7713 702510.8777
413789.0812 705743.1914
411480.1331 711065.6551
415151.9500 712860.9378
415878.2267 713201.8461
416453.9330 714101.9785
418872.4043 714761.3230
419812.6305 715044.3686
421087.4539 715172.5204
422625.9949 714826.2930
424486.3744 714880.7464
425404.4890 714937.8951
425990.9007 715523.7596
426512.4331 717277.4705
426878.5208 719788.5804
427350.8210 723028.2338
426742.1406 725198.5878
425216.9714 725575.1690
422204.4072 725742.4145
421036.4311 725300.1287
421513.6019 723361.6535
422229.6321 720969.4579
421795.5253 720113.8909
421464.4935 719656.6502
419394.3639 720140.3242
417671.5285 720542.8549
415536.5153 719112.6895
414508.1047 719406.4282
411538.2108 721164.8958
410532.7759 723504.0934
409742.8245 725341.9573
412847.5362 725236.9109
415009.2104 725180.5237
416305.3525 726572.4444
416568.0926 726854.5997
416526.8603 727825.5976
417790.9041 728863.5461
417411.7993 729732.3564
415495.4366 732107.7479
413717.0374 730590.8305
412589.4674 730276.9523
411577.7149 729742.8714
409210.6714 729496.8274
408672.6432 731157.6764
407922.5643 733473.1085
407162.2820 735752.2150
409203.5437 735670.3871
411381.6583 735583.0733
412717.5274 735880.1835
413661.0143 736436.2075
411740.1821 737997.9300
410749.8734 738952.7517
409854.4526 740920.6513
409443.2513 741177.6786
408576.5928 741457.0824
407758.7360 742054.2443
408207.4168 743633.4951
408977.2345 746343.0719
410527.5868 745760.4812
411863.6644 744914.3104
413869.1441 745711.5471
417990.7421 747350.0026
419509.0048 746184.3643
416936.6258 743675.4475
415031.9808 741787.7802
415388.4375 740725.4256
416249.3518 740049.0939
418337.8862 740370.4704
420757.4395 740742.7830
420992.2044 739873.7781
420792.0846 738949.3465
420561.9867 738282.2155
419405.3590 735921.0192
420377.3742 735294.4558
422982.7139 734485.2419
424106.4964 736251.6580
425301.4204 734687.3415
425965.6572 733819.1596
426808.3138 733098.6049
427685.0319 732973.7081
430039.6132 733415.0829
430637.8780 734436.6401
432537.9021 736075.5197
433114.6332 737011.7030
429420.3765 737808.1692
428329.7114 738043.3120
428215.6340 738453.9471
428518.3399 740055.7911
429076.5513 743009.7068
428296.5381 744186.1623
427830.4611 744889.1234
426061.1883 746357.0148
427370.5653 748094.0319
430187.1241 749556.9601
431270.1674 751926.0100
430533.0320 753020.8905
430063.5431 754711.7038
429587.5985 754556.8523
426240.0264 753467.6984
423194.6890 751120.5427
421847.4677 753117.6695
420949.1417 754099.1302
419725.3924 755436.1300
419214.8167 755475.7664
415349.9542 753735.4932
414820.7966 755601.2932
414408.7405 757054.1955
414074.2353 757959.8142
413343.3084 758310.9601
412225.8190 758060.2779
411313.3006 757336.3324
410473.5810 756299.2235
409840.1834 755290.2961
409324.1121 754288.5271
408396.4590 753019.3490
407845.2444 752280.8267
406610.5091 750402.4522
405225.2265 748295.0536
404923.2128 746731.7316
404674.1537 745442.5200
404035.2670 743950.3330
403687.8345 743138.8681
403198.8360 741735.7509
403002.7241 741648.7752
401671.3672 741845.1583
399983.3830 742349.3713
398388.3055 742893.8326
397414.8886 743258.2199
400198.8684 747066.5064
400954.4908 749022.0081
401855.5161 752205.4540
400964.6036 753234.8905
399260.9288 752208.0784
397652.9230 750261.6514
396556.2777 748971.5256
393698.2251 745609.2287
392234.5059 747831.8355
391346.6236 749180.0541
393441.2900 751527.8519
394932.0998 753198.8195
396931.1385 755398.1310
397564.6678 756078.7365
398433.2291 756957.1180
397904.6048 758831.2536
396038.2315 759556.0244
394769.6913 760048.6380
393594.0017 759352.3882
392935.4954 758419.5355
391849.8014 757632.1678
390829.4758 756677.7868
388803.1804 754661.9152
386865.6018 752734.3040
383839.5607 752795.3887
381329.9219 753842.0248
383231.9018 755685.3158
385146.0080 757540.3590
386524.2079 759002.4252
387351.1520 759605.4431
387991.3099 760185.2850
388566.3849 761425.9142
388970.6072 762798.2259
389884.7082 763854.2281
390989.1670 765130.1385
391305.7605 766510.9287
392485.4189 766204.6619
393181.1558 766554.9061
394333.0611 766330.1423
395662.4935 765462.8473
396636.8938 765166.7790
397748.9614 767778.0563
398980.1210 769714.7148
399579.6812 770502.5946
400089.3265 770514.7661
400781.1948 770316.7178
402742.9878 768826.4100
401551.2776 766875.2270
400906.8258 765820.0683
401500.2612 764323.2805
400744.7982 762559.8220
402036.9268 760766.5697
403263.3599 758725.5017
403624.4214 756221.3317
405112.0329 755165.4301
405942.1084 756802.6487
406499.4585 757917.7015
407000.8752 758920.8519
407943.0349 760839.7808
408426.7592 760958.5992
409993.3434 761706.1160
409373.0232 764495.3145
407937.9337 764998.5197
407557.8460 766101.7922
407123.5558 767362.3972
406907.0074 768302.6187
408798.8445 768583.9163
411442.1834 768604.3430
410260.7594 771923.8262
407687.2947 773861.5997
408022.5563 774597.7402
410695.7358 776065.5709
411313.7882 777067.1438
409610.0803 777746.7378
407016.1953 778906.9267
403878.0382 780310.5568
401689.5040 782960.8916
400465.2786 783061.2465
398960.0093 781461.3487
397999.5285 778363.4898
398798.3347 776247.3791
397632.5237 775775.5334
397580.9930 774119.7922
395524.0080 773552.2715
394866.7542 771754.1425
393503.9391 771433.4546
392919.2703 772111.4831
392296.9800 772899.4865
391848.4686 773600.8854
391507.7239 774239.5562
391494.1428 776503.3352
392603.0108 777825.2214
392790.8078 778711.0615
390815.5020 780464.3677
389507.9521 781624.9654
386879.1714 779939.3407
384747.0591 780142.5757
382650.5520 780342.4168
381946.2979 778984.9283
382095.6601 774667.8209
386530.5751 773194.3782
387585.5442 772843.8785
388145.3612 771426.8275
389254.1341 770070.5006
387537.0390 768252.6505
386926.1302 767371.6398
386178.7835 767103.2374
382735.7454 766540.4737
381966.9359 767724.0824
380796.4555 767322.8074
378124.5745 764778.2075
377486.0451 762881.3402
378078.2911 759443.7875
377347.5843 758482.4292
375309.9824 758401.3734
372772.1119 758275.5193
368620.5028 758053.0385
360022.4532 757592.2772
361056.0977 761854.9664
360356.4373 764110.0197
358603.5384 768016.0745
357487.0248 768860.7274
355893.8040 768571.7532
354381.6763 767954.6746
351541.8879 767398.3640
348441.2525 766929.9508
348630.0495 769367.6550
348568.5373 771249.7923
348523.9216 772614.9348
350075.6833 772172.0557
351936.7702 773005.8059
353025.4090 773859.9357
354848.1237 772989.0752
356117.3286 773677.8526
358747.9231 773974.7956
359464.7587 775013.1770
359903.6928 776059.2426
358519.1935 778156.2093
357187.7741 780172.7812
355347.6002 779911.4204
352844.1565 779583.8475
351673.7223 779430.6974
350579.0203 779223.7583
347316.3245 779666.3486
344656.1795 780027.2018
342178.4684 779964.4030
341379.1564 780490.9356
340951.9183 781195.1288
341654.0282 783313.1559
343361.4916 786277.2728
345183.3710 785888.0804
349183.9489 785071.8222
349761.9407 788260.1650
350994.9332 787850.7361
352805.4005 785511.0324
354532.2119 786491.0481
355894.3018 784775.6053
357357.8048 784944.0980
358258.3767 786736.7123
359389.7977 787065.7409
359998.3392 786302.1152
361450.3303 784788.5123
361381.6167 783463.8024
362548.4422 782653.1243
365351.7201 780705.4844
365769.8916 778174.0351
366061.1772 776410.7045
366265.6942 775379.4552
364195.0475 771767.1048
364691.1852 770669.2274
365548.7022 769500.3900
367651.0144 766634.8362
368989.6935 764785.9558
370247.8350 765207.6991
371265.3386 766234.3838
373348.3158 768336.1560
372355.6483 770851.9626
373367.3250 773084.6331
375605.4557 775059.6681
375048.9730 778892.5662
374479.6320 782814.0289
371719.7640 781752.3961
371093.7435 782604.2369
370521.1108 783978.8912
369706.9766 785614.5627
368943.4592 788188.5854
367340.3551 789462.4633
365706.6996 790760.6183
365159.5523 792078.8235
361128.9005 793072.0021
360454.1866 792969.7218
359077.6054 792755.4306
357261.7917 793227.8026
355407.2872 793710.2398
353201.1023 794719.8380
353028.3580 795245.3017
354087.8151 796476.2847
354995.7512 797531.2153
356637.5539 798210.1972
358292.2093 798894.4943
360523.6459 797352.9709
362444.8208 798315.9675
363981.8232 799135.9922
365604.7113 800133.6065
364902.6354 801341.9460
362739.1649 802012.6284
362148.1590 803313.6953
363183.4767 805845.0675
363595.5185 806852.5178
367464.9556 806275.9385
370339.7280 805847.5728
371492.0748 807441.3999
372050.9641 808550.1129
372333.4088 809506.3295
371894.7490 810089.7134
368505.5239 810855.5571
367227.1822 811144.4167
365479.6478 812042.1027
363692.0387 812960.3747
361968.3651 813252.3366
360075.2496 813572.9992
358189.1503 815631.8803
356639.7229 815902.7296
353694.8889 815766.7158
353306.6656 815748.7848
352858.9107 816294.5819
352631.7428 817076.6148
352538.2464 817935.5466
350764.0698 818540.7110
350750.7308 819686.6605
350719.7089 822351.7283
349462.2916 822489.0995
348795.6763 822561.9263
346852.1157 821361.1851
344704.8340 820034.5839
343670.8621 820798.7028
343714.4851 823281.8451
344427.1942 825175.5370
345939.0248 825867.3078
346487.9788 826869.0982
346981.1373 827829.5669
346602.8429 828936.0081
345512.6426 829319.6304
344276.8389 829379.2144
342906.0164 829445.3084
341270.9744 829358.9937
339530.0749 826974.8978
338890.8597 826099.5168
338450.9667 824384.8812
336135.5159 821087.4642
336827.0889 819598.4069
336909.6130 819442.0407
338040.5882 817396.5166
337882.4759 816671.6827
335606.4446 815422.7881
334279.7124 812787.6531
334493.3481 811645.2669
336815.0345 811635.4399
339670.4931 811333.2499
340756.8728 811601.6677
343471.1030 814325.5676
344403.3975 814216.6278
345423.7342 811545.9485
346300.7438 809230.8562
347326.2282 806523.8261
347723.7620 805473.5667
349011.8660 805472.3735
349804.8146 806678.4085
350571.9589 808995.3692
351188.9363 810858.7901
352264.7289 811422.4888
354401.9109 810969.7186
355483.1103 810963.6794
355831.6179 809037.5668
355129.3825 807205.7218
356205.4476 805867.5128
357196.0566 804635.5783
357440.0105 803788.3612
355588.7233 803017.3320
353406.6554 802426.6718
351298.1775 801182.7170
349290.2584 799024.2102
348033.2687 799000.6589
347023.0104 797880.5902
347611.9784 796052.1089
348420.3665 793542.4268
346247.0906 792087.7820
343587.4253 792325.8034
342255.0882 792065.4436
341254.8498 790756.0286
337476.9873 790769.3711
335758.3149 793129.8104
336194.0988 794239.4598
336306.4071 795443.6772
336820.2100 798166.5279
339121.6873 797519.3748
340122.1371 798433.2306
340591.3370 799109.9408
341272.6519 799776.7355
341555.9201 800999.5860
342529.2631 802118.7631
342740.0545 803010.6042
341089.5732 805281.5764
339746.4629 805186.9964
337635.5289 803989.9538
334867.4453 806558.9388
333431.7424 806382.8224
332298.8269 804429.3987
330716.5074 801701.0923
328180.8878 800563.2283
328350.2906 802322.3118
328771.5097 806696.2631
329213.1871 811282.6470
328474.5391 810847.6366
326282.5720 809556.7263
324747.1917 808652.4981
322676.8752 809266.5920
321664.7099 809566.8189
321527.2991 813118.4604
321028.4532 813984.8881
320143.3001 815522.9898
319077.1672 817375.5742
321546.7156 819299.7227
323356.1788 818584.7232
324681.5533 819942.8485
326045.2294 821340.2220
327740.1157 818355.3118
328470.0279 818550.0586
329287.1857 820755.0135
329930.8777 822491.9021
331867.8690 822513.6293
332234.9317 823712.4465
332722.0082 825303.2259
331315.3842 827704.4165
333574.1507 829335.0138
332700.5657 831699.4460
334105.1166 832954.6238
334933.6447 836168.9466
336005.0526 836955.2186
338928.7336 835570.9316
340567.7196 834570.2580
344234.6204 834603.9767
343969.6430 837605.1200
343577.4773 838877.2903
341049.7681 839900.4257
339217.3152 840764.7264
338430.6306 841135.7766
338794.6377 841932.9955
339352.8703 843155.5914
339853.5909 843456.6192
342967.6935 845328.7836
342745.5044 845821.0957
340163.0516 847084.2814
339043.6344 847631.8352
338697.1854 849608.1509
336626.9782 851055.2479
334566.4382 850485.2154
332142.9596 849814.7787
333114.6638 847943.2211
334813.6421 844670.8923
334601.7344 844029.1607
333259.2059 842651.6866
332120.7848 841483.6327
330368.6880 841383.1505
328521.9122 841648.6993
328253.2728 844605.2302
326505.9211 847061.4732
325248.7185 848082.7205
322724.2909 845906.6314
322329.1780 844124.6276
322694.7712 842658.0045
324127.2605 840997.6538
323997.2171 839383.4553
324519.7388 837973.0798
325519.9358 836759.6302
326618.6863 835426.6144
325845.1693 833839.6746
326966.4055 832572.5053
326576.1848 831321.9301
326174.8705 830035.8017
325643.5376 828332.9914
324809.0676 827831.8390
323738.5191 827814.3159
322204.3714 827789.2046
320900.3619 825608.9036
320642.8880 824648.9254
317755.4467 824582.8170
316030.0596 824543.3139
314032.1710 822913.6429
313807.6986 821400.3708
313947.5230 820004.8459
314086.9506 818613.2801
313263.4760 816293.4474
312318.0891 816723.0546
308955.7359 818250.9909
307831.4800 817594.3795
305878.5552 816453.7916
303759.6989 815759.6296
303805.7863 817465.3350
301473.1424 818039.2726
301206.0547 819398.0033
301018.4135 820352.5731
298999.1363 821959.3988
297635.2735 824071.7237
296678.3284 824078.4978
295557.5451 823392.5569
295501.3492 821905.5595
295389.6668 818950.3396
295201.2281 815388.7022
293925.5838 813577.8026
293086.0613 812386.0196
290732.9961 810836.8459
289752.1189 812795.9014
288302.3696 815691.4111
287702.5825 815425.2561
287060.0102 815025.1007
286649.0733 814290.4802
286353.4813 813331.7553
285862.5244 811582.8130
285427.4125 810032.8075
284823.1692 809470.3469
282502.4437 807310.0961
280841.0632 806979.5493
277176.1762 805844.4063
276050.9746 805616.5975
274184.6943 805238.7497
270869.3638 807056.8978
268413.1939 807803.3705
270637.4890 802911.6423
268210.7468 802449.0400
267289.2675 802297.7550
266292.5480 802347.1558
265419.7410 802430.3808
264203.2852 802565.3674
263146.0282 802682.6883
262189.4617 802789.0338
260687.9123 802956.0720
259348.8962 803105.0294
258294.6444 803264.0125
257232.9571 803607.9850
254850.5581 804785.9913
251727.9368 806330.0097
250633.4315 807714.1708
249205.5270 810199.6610
248852.1170 811408.1828
247273.1120 816807.7530
260447.2425 818149.0990
263538.3443 818463.8247
264588.9154 817816.2820
265214.0817 817430.9469
265317.3303 816810.0151
265989.6864 815033.5379
268607.3460 812913.6970
272315.4652 814820.9973
274066.8837 815721.8531
273479.6666 817914.7119
271202.1279 821010.2224
270880.1700 821447.8106
270736.7033 822288.6271
272370.9264 823392.9270
275247.9407 825337.0230
276736.8696 825809.6979
278824.9075 826472.5658
279487.1545 826681.4809
280841.7719 826493.5336
279899.3838 824394.3454
279074.2907 822556.4339
279221.2536 819983.2451
278377.7087 818348.3486
278803.2978 816786.0312
280136.2903 816343.0533
281854.1284 815772.1840
283043.5808 817274.9525
284225.5042 818768.2089
283947.0381 820632.3833
284653.9130 821223.5841
285709.4362 821886.9211
286859.1263 821412.8024
288476.3266 820745.8878
289902.1025 821762.7326
289758.1267 823426.8997
289599.7206 825257.8614
290769.2786 826804.0382
292019.2964 828456.5843
294295.4833 828416.9271
296930.9705 829341.5686
300473.8544 829750.7271
301611.1078 828122.8758
305858.1106 829942.5221
308548.7083 831375.2769
310520.4644 832425.2455
311406.9895 829178.6632
314464.1159 829769.7873
315057.6501 831520.9785
319079.8317 832303.0939
320422.6846 833038.8557
320842.1387 834567.0627
320170.8098 836098.7218
315159.0163 836975.3837
313106.8429 836611.0169
312412.9474 837238.2988
311770.8821 838060.3635
310513.6818 839670.0131
309223.3655 840065.4359
308058.2356 838627.9915
307111.2339 837459.6563
306311.4991 837044.2462
304541.6427 836124.9212
302701.7251 837108.0945
302833.5750 842066.4048
306942.9732 843907.8516
307137.2886 845127.4846
305769.0686 848730.0336
304645.8714 848601.1106
299939.8175 848063.5923
299323.7835 849184.6251
299208.7259 850263.5972
300948.4743 853224.3795
302772.4252 856328.4617
306887.0265 856328.2564
308081.3800 854843.4691
309098.1846 853579.4055
309714.5241 853617.3493
311045.4134 853944.7528
312013.2777 853860.6294
312438.1542 852462.9599
312363.3795 849186.6883
312768.4465 846954.4400
313336.7657 843822.5395
314425.5136 843508.9390
315775.5991 843514.2773
317271.1586 843520.1908
317304.5484 847246.6619
317343.6265 851607.9729
317876.9752 854268.5656
321443.2166 855150.0006
323745.8855 854978.3823
325459.2132 854730.3612
328163.9953 853430.9888
329201.4213 854935.0943
330816.3929 855549.1969
331294.8070 855731.1167
331228.0436 856855.2800
330843.4105 857714.8256
329977.0250 858651.9517
326218.6692 860565.3455
325023.8686 863095.3194
323801.2035 865416.3562
326700.8996 867371.5060
327849.4975 868439.0142
327754.4668 870471.2679
325717.5693 871348.1389
324531.6417 876624.9973
328313.2492 876975.4926
330683.3283 877106.2003
331452.3762 877588.8800
332257.0815 879760.7977
334752.9268 879018.0925
336685.4123 877998.0547
338702.5820 878847.0150
339422.7218 879930.8199
339203.9441 881342.2444
338825.4625 883213.8957
336673.7202 885295.8976
336149.9908 886333.3382
338024.2238 887726.4737
337669.4315 889762.7368
337366.0334 891504.0327
336161.1341 890968.7305
334385.5628 890179.8952
332315.7963 890939.3511
329486.4859 890240.4379
330829.7029 887128.1927
328106.2598 886756.2797
325606.0419 886495.3802
325059.6749 885625.7020
324758.9713 883553.8195
321272.0869 884183.4669
320115.1639 885300.9428
318993.4701 885033.5306
317688.3136 884696.3598
316627.3747 882244.4620
317026.2204 879441.1805
317660.7723 876978.8487
318373.1622 874187.4494
316754.6202 873961.6649
314348.2220 873797.9495
311738.9557 873619.2460
311438.0951 872106.0787
312634.7084 870021.6724
314214.3007 867270.1468
315766.8004 866374.6530
317962.9480 865107.8979
316421.7250 860808.9722
315749.9808 859538.5885
314860.2572 858832.3568
313889.3650 858279.2332
312468.5366 858350.8108
312193.6193 859225.3971
311367.1846 861854.5098
308728.5535 862825.0295
307329.3276 862916.7430
306133.8440 862995.1021
305922.2153 865168.9211
305806.4253 866470.6684
305380.7566 871522.1238
305239.6462 873196.6960
304208.1693 876039.7914
306063.8119 877771.1866
307262.7820 878975.8621
308112.1671 880776.6779
309208.5696 883101.2051
309878.9255 884487.4064
305945.5659 883696.6318
305304.5962 884025.0274
305265.6750 885812.7530
305051.7771 888670.9268
304860.3729 891360.5822
304651.0277 892857.7523
307700.9562 893467.8106
309127.6582 892727.9224
311040.3999 890271.6996
312673.6065 892530.4337
314415.4362 893437.0654
315682.4104 893707.0982
318519.7236 891808.5667
320476.1544 893227.3280
322563.8762 892159.9004
323476.8735 892863.2846
324848.7425 896964.3721
329942.2402 897325.8218
334402.3939 897642.3275
332664.2773 900397.6432
331331.0331 900894.3017
329545.8768 901575.0739
328209.2559 902084.7964
326422.6940 901833.1203
323903.5405 901478.2426
323111.7667 902539.3403
322491.7939 904226.1291
321272.8197 904241.3034
317356.3560 903163.3614
317976.4787 899844.4572
317544.4427 898942.3260
315117.9584 899661.6245
313392.0693 900173.2410
311536.6664 903162.9897
309927.2876 903165.0687
308354.5769 901649.7757
306796.5168 900148.5985
305170.1581 898792.7368
303680.5514 899579.1010
303370.6024 899689.7554
300795.1263 900609.2219
299879.4855 900263.6706
298624.3961 899790.0155
295841.7583 898647.8419
295581.4730 901713.0713
296127.0335 904973.2329
296685.6015 905689.2639
298275.8246 905151.5992
298771.3581 905446.7818
298878.4155 907006.6114
299050.7775 909517.9289
298661.0581 911033.9911
298843.3542 912435.3180
299514.0333 914511.2937
300086.6236 916324.3792
300880.6117 918838.5122
302187.2072 919575.4168
303854.9306 920515.9934
301923.1584 923311.4365
302164.3302 924477.3835
302502.0451 925654.6795
303374.2762 926502.2523
305080.2305 926518.5317
306250.3421 925687.4052
308051.9287 924815.9826
308569.4869 923780.7165
309252.4525 922936.3988
309586.7984 921729.0942
308928.7319 920947.4606
308044.9263 919897.7001
307871.0840 918386.7544
306944.0664 916685.9794
305949.9544 914801.3933
304854.0179 912723.7737
303649.6817 911035.9683
303558.9896 909616.7538
305036.2030 906305.2854
306658.7668 906855.3321
308148.5985 909668.4123
309450.3131 910490.4468
311523.1152 911052.5702
315467.4957 910315.1788
317997.0302 911023.6689
317551.2438 914481.6445
318493.0822 916655.7804
318245.7673 918449.1793
318805.7473 920024.4682
317432.6335 921874.1724
314966.8607 925195.7835
315529.4840 929780.2171
315958.3851 933275.0398
316597.6886 934459.1269
318636.6587 932108.6433
318916.6159 931698.7255
320613.0225 927860.6414
324695.5081 927364.0951
325098.1057 925914.7941
325038.9186 924799.8929
326246.8033 922824.3519
326457.4245 922793.8691
329089.8720 923340.9459
329406.3224 924968.0204
331068.3252 925480.5434
333123.5972 926016.8161
335031.0808 926514.5271
335658.5997 925321.4527
336463.4980 923791.1344
337608.1015 921586.2155
337803.7370 919600.5909
336013.8070 919227.2797
332804.8178 918507.1662
332237.3322 916795.1016
327244.2252 917216.4761
325396.7798 916545.3519
323755.0328 915940.1516
322813.9592 915593.2419
322661.3811 912908.7611
324942.8131 910188.3828
328053.7859 910213.7497
329983.0768 910229.4811
331678.7131 910763.1965
332442.1021 911003.4795
332775.8245 909588.9401
333725.6516 905562.9360
334893.1171 905196.4129
337080.1510 906719.9266
338458.0083 907679.7582
338262.9021 908271.0135
337870.2494 910138.3485
337128.7103 913664.8793
339746.5364 914520.2610
341825.2614 915046.4473
343083.0312 916085.8675
343821.8518 920088.4217
344293.7894 923347.5003
342724.5405 925234.6743
343670.4484 926188.1346
344811.7031 929385.6739
344269.0892 930353.4319
340461.2114 930005.0739
338438.9888 934981.8423
343570.3266 936217.9547
342220.4223 938065.1588
341158.3232 939518.5312
340620.5322 941998.0312
345868.0741 942248.6434
349533.6739 942423.7051
352684.3511 942533.2755
354394.4070 941279.9281
353399.5399 939256.7860
353145.3995 937577.5269
352783.7455 935187.8606
352498.6231 933584.7771
352304.7198 932494.5679
352746.5322 931343.8165
361360.7458 932842.2047
361962.8686 934788.3587
362607.1697 936870.8391
363264.9540 938996.6758
362584.6469 940444.9982
361763.2464 941049.9624
360968.2517 942710.1316
359796.7811 945156.4869
361750.3009 946546.4337
364523.7888 946126.2287
366039.5157 945836.6281
366879.8914 945915.5109
368436.1442 947635.0098
369833.7240 949179.1916
369833.3391 950317.2956
367432.3184 951117.2040
365406.3263 951792.1703
364449.3896 952539.2855
363486.8959 953012.5876
362849.3879 955492.8694
361940.0060 959030.9013
361143.0320 959134.7157
360530.7419 959214.4729
359412.4049 958502.8365
358298.5796 958736.5932
356797.5523 959866.3694
355048.6356 961182.7243
354534.9194 956933.7243
356884.8974 954400.5879
357706.6337 953031.2335
357545.9142 950888.0153
354834.3775 951110.4446
353991.2465 949855.7064
353426.4120 948299.0745
352793.7423 946555.4954
350657.9503 946943.7688
349967.9041 949247.4664
349400.6976 951141.0678
349397.9908 952900.9429
347753.9682 954261.3217
347935.6446 956263.8961
347107.4434 956822.3619
346023.8011 957375.3663
342263.7585 957196.7358
339911.0675 957084.9651
337250.9993 957446.7104
335204.1609 958235.7922
334407.5538 959490.9128
334833.6955 961296.1938
335590.9674 962679.8098
336595.7649 964515.6814
336009.7171 965467.9699
333534.5533 965973.4311
333011.3493 966979.2882
333431.0769 970552.3455
335308.1005 970544.3408
336760.6527 971776.0490
340343.6550 971205.7141
341399.5412 970447.5983
341246.7625 967109.2026
341156.2044 965130.4010
341750.0922 962653.9530
344821.9374 962524.5197
347197.2554 963374.7002
350764.6325 963599.9398
350886.0295 965234.8850
349817.7058 966538.9004
348557.5010 968077.1294
347065.4613 969902.1749
347036.9772 971364.3264
347879.7774 973204.4911
348341.8498 974213.3773
347270.3316 977092.4768
346933.7772 977776.2140
345092.1973 977707.2202
344044.4241 977667.9660
342424.9345 976872.7719
340677.9343 978235.2970
338479.8908 979005.5319
337369.1428 979394.7584
338720.1962 981506.5593
337856.7892 985632.0425
338398.9608 988539.8422
335914.0837 990600.1902
333772.4298 989523.8817
332207.6840 989817.1578
330889.6446 988913.1834
328939.8147 987575.8971
327516.4305 985087.5267
328949.5697 982927.6741
330238.0251 982398.5995
330710.4061 981062.5550
331827.7111 977902.4586
330981.3885 977324.4989
329358.4348 977117.5647
326855.7610 976798.4622
324563.3848 976559.2871
321170.7090 976078.2899
323122.3257 975031.8710
325007.1004 973877.5081
326847.0255 972949.2634
329272.1639 971725.7779
329224.2135 970319.8813
329140.1133 967854.0830
328549.6370 967541.3299
327680.9358 968013.4223
324695.3981 967674.6189
322979.2132 969550.3662
321124.8206 969574.7955
319326.9635 966538.4158
317234.3817 965165.5589
317855.9022 964053.9576
318561.3960 963155.2035
320193.6583 962835.7766
321907.2192 960950.3289
323289.5702 959429.3145
325256.0639 961512.8385
327434.9431 963821.3876
329718.4216 963020.0615
329711.1735 959505.6319
327804.4941 958211.8994
327319.3596 957672.2643
327166.7364 956931.1062
327874.5178 956432.9513
331152.5564 954125.7827
332430.0980 953639.1122
334288.1055 952931.3174
336455.8909 952216.9399
338535.6040 951531.5860
338601.1361 949963.1537
338453.9176 948177.9879
337296.6518 946890.9822
336637.8569 945451.1232
335437.3312 942827.2601
334222.0284 941894.0312
332055.8484 940243.0648
330560.0653 939103.0452
331049.7326 936933.9654
331844.8476 934786.2288
332656.2936 932066.8530
329330.0833 932744.5822
327325.8294 932466.2917
326118.4044 932408.8040
325217.1649 933307.4123
325680.4312 938761.0899
324785.6829 938761.2989
321321.0313 938762.1081
320858.8939 940807.9361
320099.7781 944168.4524
322800.0501 944839.0442
325879.3910 945603.7748
327596.0585 945449.8580
329201.5385 945428.2616
330055.1643 946487.2262
329834.2211 947101.4892
328625.2159 948217.9456
327003.0818 949711.5586
325734.0157 950880.0770
324216.0557 952326.0682
322454.2264 952907.3831
321390.8409 953258.2468
321060.7102 950862.7034
320562.1785 949741.5942
319014.1819 950203.7655
317586.1116 951729.2563
315336.8427 956555.1070
312890.7711 955028.0823
309851.1483 953130.5177
307215.5574 953505.6350
305684.7214 953212.5922
304302.8541 952948.0659
304321.2674 951769.5781
308054.7915 947682.3051
308657.1101 945935.2345
311453.3966 945852.0854
313048.0285 945547.5698
314498.3974 945270.6030
313565.9453 942059.6726
312036.3330 939924.4833
309809.8332 938778.7756
308403.7540 938055.2382
309206.9292 936079.8633
310036.4573 934039.6744
305046.5380 932531.4914
303174.5367 931965.6865
301317.1093 933205.5233
299677.0331 934300.2778
300980.4940 937285.1912
300972.3638 939520.2044
301564.4299 940463.2069
301665.3224 941905.3545
301731.7806 942855.3018
299757.4674 944565.0537
299614.3790 947229.3268
298249.2351 947439.5605
296007.0639 947784.8573
295277.8491 949280.9862
297191.0452 951159.7962
297189.1690 951816.9650
297446.8734 954495.0307
296289.7559 954437.2869
293858.4903 954315.9589
290894.0993 954261.0439
292041.0551 955860.3192
293820.2198 957661.2579
292855.7149 958813.9467
291568.6439 960192.6683
290474.1060 961365.1468
288493.0424 963585.3839
286027.6257 966444.4776
286998.0363 966991.8249
289691.7766 965370.8013
296160.6526 961477.9982
298273.6769 960197.4724
299694.9092 960936.9024
303174.6991 962747.3461
303862.7922 963321.8797
305949.4929 962587.2713
309348.1027 961108.3221
311847.2365 962376.4064
310652.9157 966638.1727
310306.7420 968847.3394
312297.1396 969382.2297
314156.5763 969881.9262
315120.3335 970734.9021
316289.0726 971911.9837
315963.2261 975026.2343
314287.8954 975437.0755
312476.8928 974982.4766
310975.7172 975424.9941
310486.6324 977174.6428
309175.9377 976483.3073
307819.3300 975767.7546
304509.3422 978094.9605
304210.7746 977612.4764
304253.8266 975440.6727
304305.0382 972857.2482
303590.9153 972022.4035
302132.9461 971435.7207
300932.4997 970466.2580
298935.5460 968914.7820
296976.1953 967392.5205
294804.6167 970990.7590
295474.2258 972006.6405
296490.7161 973548.7849
299077.5941 977473.4056
298083.7034 978008.2005
296709.5663 980505.4736
295196.9995 982303.3730
294059.1162 984626.2992
292879.6875 986900.9936
291689.6353 987071.4919
290532.8991 986488.3506
290492.2232 980294.6892
290184.5525 978614.9655
290800.6008 976936.6607
290412.1955 974819.0477
286851.0380 975259.3650
284519.3160 975547.6694
282252.8169 973761.6350
280533.5510 972406.8285
279562.9847 972187.8205
278619.0687 974555.3479
277135.5656 978276.2657
278490.0528 979101.6632
280156.7624 980117.3227
282600.2862 981856.0540
279110.5937 984195.4960
277921.7620 984365.6068
274019.9491 985023.8690
272638.4646 982985.5030
261122.5553 973642.4529
261003.5930 975174.8991
262120.7711 977967.2920
262519.8261 980245.0858
262776.2046 981708.4863
263809.8382 984268.8691
265172.2916 987643.7613
265790.7097 989175.6321
269925.1634 990903.4207
275436.1416 993107.6986
280416.9602 993388.8038
285658.5859 993684.6283
287031.3257 993392.9718
289321.6990 992906.3521
291849.0359 992579.5574
291364.0533 994074.5215
290547.9747 996590.0930
288947.5492 997953.5931
286870.7828 999727.0115
288689.6556 1003792.6898
293115.0186 1007030.0020
294523.7671 1005412.9148
297569.8808 1001916.3136
299635.1575 1000944.2945
305183.1728 998333.1301
307238.4742 997361.2432
301159.8240 991963.5031
299197.0452 990220.5883
299603.8749 988433.0402
301257.1732 987385.7018
302138.2601 985840.0006
306250.6946 985263.3780
307262.3971 983660.0357
308015.1138 982467.1332
309740.5884 983602.1952
312051.4540 985180.0784
313995.1811 984420.6322
317718.2283 982965.9762
319426.0163 982292.5644
320569.9923 983170.5006
320816.6735 985260.0293
322716.7093 987064.6239
322174.6493 988744.9147
319317.4151 990083.4172
319165.6807 991199.5890
319633.4944 992325.9820
320137.6560 993539.8926
322405.2438 995222.6072
323625.3137 996676.8622
324901.0518 998134.5776
326416.6114 997320.1163
327766.1058 994897.1766
330002.1275 996101.9256
332911.0666 996189.4706
332376.5594 997558.7896
330830.4332 1001519.7095
330322.6536 1003787.6566
332782.7462 1005211.0481
336058.3765 1007106.3036
338358.3759 1009164.6329
338066.0313 1013104.0691
337883.0334 1015570.0242
337462.9867 1019741.2614
336082.0098 1018712.2686
333893.6652 1017067.1247
332157.8168 1015762.1564
330952.3921 1017411.2137
329373.9427 1019570.5801
333884.1175 1023557.1918
332802.3808 1024261.4576
329691.7000 1026286.6694
327536.9242 1025495.9815
323693.8284 1024077.3568
320260.0750 1022809.8350
320409.3403 1020807.5867
320631.0173 1017834.0062
320853.5926 1014675.1480
320969.2857 1012911.5079
320315.7763 1010267.8629
321936.8417 1008170.5249
322321.7111 1006662.7024
322819.4161 1004712.8178
320221.4562 1003323.9209
318663.5845 1001405.3477
316849.8551 1000968.7485
313281.1975 1000109.7047
312744.5043 1003717.1872
311338.7012 1006631.0021
308896.8775 1007225.3172
307274.3674 1007620.2196
308654.8684 1011440.9794
309978.5864 1015104.5827
310794.1904 1018587.3578
311977.2790 1023639.3572
308378.1468 1026869.1056
302580.6428 1025566.4672
301956.3935 1032450.7068
301608.0824 1036291.8920
301199.0412 1039500.2918
297556.8512 1043277.9793
309376.0471 1046583.1264
311691.8593 1038201.1329
312985.8199 1033947.7055
314066.0769 1030396.7515
315527.4871 1030731.3292
318043.9972 1031307.4631
324175.9842 1032552.5623
326675.4599 1033060.0805
330700.9900 1033885.5800
324786.3338 1040411.0059
328746.3730 1042054.2213
331792.3444 1042721.7894
334682.8668 1043367.4148
343797.2354 1044226.1322
347401.2997 1047065.4605
344485.6920 1050790.8765
335143.9869 1057223.8497
333650.2664 1057575.2071
330401.6897 1058368.8821
317021.4002 1061637.8833
318897.4395 1063353.7838
320907.8497 1064975.6318
322289.9023 1066090.5680
324714.7390 1072018.9686
324580.4141 1076938.9832
327716.6524 1080797.2913
332513.6277 1074099.0463
339611.6333 1071175.6088
341310.6602 1070264.2017
346454.7191 1067504.7797
347182.2893 1066140.4735
346903.5132 1063457.9341
348115.4634 1062480.6881
349520.6130 1062449.7977
351349.1013 1064570.2728
352415.8292 1065048.0893
354495.5035 1065543.6146
356493.9619 1066542.1112
359168.0313 1067878.1657
358295.3404 1061005.1604
358109.9413 1059545.0223
357741.0099 1056693.1812
358492.6548 1053130.8568
363456.5294 1054093.0913
365821.7716 1054357.4263
365519.6389 1049129.0100
365388.7378 1046863.7606
368740.2292 1046364.5170
371050.9976 1046893.6675
373276.3871 1048016.7114
374403.5885 1048585.5540
374008.2803 1054218.8138
373732.0768 1059173.8203
375535.5955 1061222.4451
374885.7868 1062912.7968
370942.6012 1066375.4749
371328.8880 1069813.5099
372341.0155 1074718.3009
374059.4393 1077280.2986
377893.4220 1076773.1914
378772.5266 1075336.3842
380041.3170 1070522.6846
383661.7929 1068368.3343
382381.7877 1062259.5831
385412.4268 1061982.2698
388409.4201 1062035.6427
393854.4870 1062131.1204
395976.3486 1062573.7556
396815.7554 1063280.6582
399025.1292 1062636.4749
398873.7380 1059613.2743
398352.2507 1056735.4759
397924.9972 1054377.7017
398732.5507 1053822.5543
402616.4189 1053578.8980
403203.8390 1052300.0264
405043.6675 1049942.3850
404616.4755 1048534.9461
403087.8853 1047449.7111
401721.8091 1047089.7931
400820.0431 1048573.5639
399047.3367 1049452.0470
397478.6761 1048890.9619
397075.8833 1048635.8055
395498.6364 1047636.6697
395800.7386 1044450.6414
393518.8911 1044589.9626
391308.7605 1044724.9051
389867.5659 1047695.3047
388642.1728 1049041.2179
386801.5614 1049891.6087
385232.9398 1050591.9100
384921.3825 1047624.7177
384378.6227 1045595.5152
382833.3340 1039815.6054
381790.8218 1035916.2520
382517.6836 1032979.6766
385143.1025 1029785.1988
392005.8804 1035019.4848
391788.5007 1030724.4688
391441.1681 1023861.8276
389654.1268 1022140.0766
387957.1747 1019236.6580
384646.8971 1019133.2526
381127.2021 1019023.3054
380528.5587 1021223.9180
379621.3660 1024642.2142
375291.2840 1024544.8832
373997.7975 1022682.8280
372748.1513 1020883.8835
369670.8424 1021315.6100
368657.7597 1019962.4028
367049.9742 1017814.8318
368455.0130 1015851.3168
370179.5812 1013153.5068
371135.1065 1011691.2428
371818.2687 1010645.7829
374370.8129 1010383.0033
376540.2196 1011683.7725
379605.4836 1011953.6742
383282.4187 1012277.4345
383042.7092 1009974.1028
381148.9911 1008369.2228
376945.2520 1004797.7019
374812.8181 1002985.9738
375536.7985 1000356.4057
374162.9718 997850.7964
373076.2646 996610.2307
371632.6563 994962.2331
367185.4869 997097.5984
365033.3757 998260.5484
364711.3391 999239.3400
365532.8598 1000770.5071
367411.0079 1004271.0385
363081.4526 1006245.6324
358800.6155 1005303.9842
357219.3821 1004962.6361
355253.5289 1004538.2584
354236.8694 1006581.6027
353651.0415 1009213.8549
352879.1006 1012682.3533
355141.0168 1013510.2653
356577.0255 1014035.8767
360447.6348 1013200.7055
360650.2309 1014027.9409
360589.9824 1019219.8464
361563.3144 1021592.9817
362249.5209 1024004.9599
365395.2742 1025754.7979
363048.2206 1030478.2947
353723.5032 1034276.4145
351133.6432 1035331.3096
345498.1457 1034715.9802
343791.6656 1032816.4342
343136.2496 1028848.5489
340643.5768 1024599.1082
345391.7077 1025518.7123
346577.8737 1024803.8839
350740.3666 1023204.1660
350741.1281 1019655.3972
347421.2854 1019609.2964
344233.7650 1019234.4444
342848.5770 1019618.5072
342597.5442 1018015.5479
343117.1206 1015113.3093
344246.3926 1012799.9026
345536.9040 1010156.1837
347488.6496 1008221.1244
347059.0681 1005364.4048
346671.9036 1002789.7593
345745.1588 1000761.2215
341478.8676 1001547.1390
341796.4492 997654.2707
342818.8577 995855.0648
343113.6451 993887.2252
344125.0802 992868.3508
344641.7805 992347.8500
344369.2084 991146.4375
345040.1461 990008.4676
342962.4872 985949.6169
343372.5410 984245.9169
345912.5617 984320.1300
348168.0658 983408.8590
350252.6587 982563.8810
351700.6528 981976.9447
352167.3690 979697.3663
352461.9789 978258.4054
353460.9144 977732.9742
355080.9190 977439.9066
355567.3138 977562.2963
358670.7910 977752.8486
359091.7765 978962.4037
359419.2047 982183.9348
357886.7408 983448.6266
356325.6337 984736.9566
355537.2690 986861.2650
355146.8069 987508.5318
354715.8768 987946.8615
352095.2379 987729.8737
351890.6045 990497.7160
351168.3976 991566.0551
349791.9019 993450.8060
352376.0741 996673.6154
354475.7795 995600.2254
355208.9669 994529.7246
362533.4281 993033.7815
362795.5709 991724.8019
363299.7857 990069.7940
363841.7068 988515.9487
362534.0677 985970.9377
366452.6649 985457.5659
365557.3940 983791.1164
365086.1026 980709.2380
364795.8057 978810.9226
366109.1273 977729.7649
365290.2684 976740.4523
364142.1499 975692.7079
362066.3606 973773.3534
360725.8258 972533.8435
359691.5968 972332.7738
358777.6737 972250.0314
357745.1220 972096.1959
356002.7312 972847.9268
354268.2152 973202.9164
352807.2737 972841.6776
353683.8596 971030.1973
356160.8204 968372.0718
358639.1987 966251.5395
359682.3002 965359.0485
360966.3843 965231.0092
362002.0315 965127.7422
362991.2947 965586.0451
364101.0131 967842.8876
364792.4849 969249.1387
367037.6616 971113.4587
369035.7800 968195.9497
371033.2886 968490.0116
371713.1581 966457.6640
372793.3889 963228.5081
371041.4300 962810.3553
367112.3155 962140.9389
367129.1039 960048.5223
368214.2355 958724.4469
368668.5672 957488.8107
371800.8097 955188.9699
372553.6003 954860.5892
373655.6188 954592.2865
376080.4347 956406.4418
378072.9838 955570.7118
379310.5417 955051.6459
380703.0542 952757.7000
381364.2793 951668.4354
382855.5619 948795.8608
383602.7015 948077.7990
384152.9829 947548.9338
384198.1264 946926.8659
384029.2264 944687.4867
384766.2955 944394.5924
386230.0578 943812.9272
388262.3670 944188.9205
389343.4066 944635.3341
390412.9427 945380.9341
390448.5772 946430.9012
389830.7512 948164.7802
389247.9428 949087.7062
389150.6678 950415.7322
388691.1821 951445.6996
388154.9178 952725.5224
389187.2614 954736.9083
390132.9562 956579.4703
390487.5276 957258.3502
389895.0104 958153.5401
388597.6309 959088.9081
387578.9869 958758.3921
384661.0084 957892.8634
383413.8255 958781.8043
383172.8587 961515.7320
383070.3930 962678.2726
382383.2199 963939.3778
379850.5713 964073.1526
379603.6630 965103.6149
378841.6120 968284.0064
378463.3813 969862.5383
381632.2371 970926.7048
381521.8189 972139.1032
381165.8517 974165.1195
381546.7571 975181.3409
382674.7821 975887.9406
383749.1636 976969.7900
383601.6116 977906.5995
382671.9310 979078.6864
381878.5236 980078.9678
379392.5027 979829.1928
377517.4146 979436.7640
377272.1343 978153.0120
377018.7128 976826.6507
376543.0763 974550.7287
375253.9777 973319.9169
374436.2127 973058.5349
373886.0431 973326.3559
372140.4053 976647.7427
370831.7715 979137.6514
371087.1526 980579.1956
371585.0833 983434.4355
373440.8600 984137.3215
376777.5088 985401.0963
379653.6880 985700.1294
384013.7162 986153.4367
384832.9318 983458.7072
387255.3290 983453.7173
390785.0807 983446.4465
393896.9741 983810.4631
395884.9558 982322.5508
392674.8619 978507.0240
390373.8189 975771.9978
390925.4351 974710.1663
391636.3663 973691.0560
391010.7838 971426.8363
391322.4706 969411.4718
389799.9797 968568.6094
388141.0669 968023.9280
388327.3960 965943.4901
390850.2435 964768.4430
392967.7287 963835.6607
396672.3525 962203.7215
399660.1896 959901.0763
400753.4299 959704.7361
403887.6783 959141.8416
405097.2187 959690.2256
405477.0782 961108.3851
405960.4511 962313.9936
407196.8982 962722.1282
407390.6021 964681.8835
407948.5530 964667.5249
409750.2538 964621.1590
410896.1370 964613.4692
411119.2687 963261.6982
412926.5631 962306.2517
413391.3718 961136.9352
413649.1074 960509.6104
414504.9469 958426.5086
413360.1615 957271.9817
412273.0149 956175.5841
411029.2822 957041.2271
409785.0601 955981.6126
407782.8326 955586.0586
408184.7782 952838.0633
407909.2124 951640.2349
407438.3301 950496.2495
406367.1913 949188.1399
405095.7570 949874.5814
402984.2381 952365.1261
401055.3724 953057.6797
399704.5341 954232.5292
395231.0000 955446.5198
394137.1011 952875.0763
393948.1958 951879.4441
393975.1869 950335.1603
394622.2200 949598.3488
395534.4428 949443.0803
396729.7675 949227.4123
397443.3018 947974.6850
395540.5970 944709.5848
395055.1068 943368.7239
400541.9232 944229.9131
399122.6767 942395.2064
397520.5626 940324.1008
397729.2567 938693.9257
398822.6086 937323.1647
400699.7146 937403.7239
403048.7469 937505.3622
407701.7534 934741.6540
409179.5052 933878.1888
409883.2429 936795.8456
408951.3635 938451.6352
408158.6596 939860.1337
408298.1699 941674.2278
406830.2748 943687.7378
409810.5074 945170.2620
410753.0453 945639.1298
411729.3116 946110.5898
412127.8022 946756.5596
413381.7367 947600.8992
413694.3065 949891.3979
415390.9099 950215.0640
416300.4965 952856.2845
418089.4912 952378.0148
418576.0213 954023.5781
419255.0899 956320.3538
421029.4989 956267.0678
422506.6375 957114.4773
425448.2672 958802.0408
426313.2585 957606.7273
425891.2190 955975.4698
425356.6099 954154.2225
425039.2195 953072.9716
424564.7875 951678.6997
426989.9387 951035.8728
426686.7778 949428.8044
426067.0482 948218.5124
423847.0483 948084.2435
422791.6498 948020.4114
422041.3889 947274.8651
419993.1499 945239.4972
419171.6288 944045.3388
418050.3820 943492.2755
416973.0673 942696.0643
416432.9289 941499.6527
415250.3424 939657.9900
415618.7824 938066.6621
415773.2812 936643.9998
415255.3707 935287.8217
414621.6328 933729.0480
414199.7213 932691.2930
415722.1287 931843.6472
418036.0875 930555.2816
419099.6226 929941.7609
419595.7918 929040.9970
420115.9852 928096.6183
418990.0872 927451.4011
417243.7779 926450.6455
415440.9884 926832.9759
413801.4874 927180.6765
412021.1169 927204.8967
412213.9495 924416.3488
411018.1675 923030.0056
411550.3166 921445.5914
412065.4234 919911.9189
413194.6817 917498.7065
416043.6361 919510.4538
417722.9979 920729.6558
418313.6461 921243.9866
419154.0199 921507.3591
422059.0767 922656.5617
423277.8723 922297.3749
423596.9546 920823.8215
423907.7858 919513.2069
425699.0262 918398.7323
426847.0577 919255.4057
427532.9120 920252.0993
427692.2120 921426.4510
428330.3289 922194.4605
429371.5308 922990.0929
430632.7932 924067.3540
432019.7852 925252.0024
434012.4628 926486.8407
435788.7997 927264.8518
436908.2703 928579.1621
436982.7310 929429.2781
436521.4646 931630.1658
435718.8106 931992.3323
433189.5487 933133.5635
432478.0519 934303.9119
431555.4410 935054.1554
430152.8145 936194.7353
428751.8230 935934.8217
428519.7078 934577.4832
428980.0853 932341.3322
429574.1087 930792.6065
428156.1986 928892.6096
426422.8319 926569.9015
425467.3853 925980.3592
424872.3740 927141.7294
424230.4652 929002.7974
423982.2262 930560.9710
423679.2699 932462.6003
420894.5065 934309.2899
420841.6039 935380.6485
420774.4122 936873.2165
420730.3809 937851.3098
420460.5449 938565.7160
423198.3173 939485.5877
424002.9593 941303.6118
426183.6763 940988.5220
428438.4124 943290.9377
429862.5204 942415.4332
431872.0381 940957.3777
434124.4508 939323.0838
436246.7733 937705.6542
437395.0982 939299.1534
438330.1946 940046.7556
440679.9056 939614.9801
441078.4647 940415.5367
442366.2209 943440.1152
443613.0998 944495.8881
444575.4439 946043.1969
445806.4482 947410.9951
446131.4788 949640.6176
448873.4010 951784.1288
450659.1410 951658.9179
451011.3426 949408.4538
451236.5459 947658.6866
452514.9842 946844.7950
453828.0295 945965.8939
454863.7190 945400.3454
455690.7012 945869.5155
456195.0487 949824.1172
456679.1459 951716.2011
456869.9388 953510.7864
455095.6693 955534.2197
456065.5655 956287.3846
458313.8860 957832.3594
458060.2710 959085.3986
457560.5740 960190.5424
456768.7153 963448.5916
455196.8855 963092.8313
453264.7954 962655.5314
451398.8385 962095.4445
448290.7728 961162.5255
447785.1918 958378.3348
446897.7623 957051.0973
442806.8335 956776.3029
441217.2125 956070.3236
440432.1637 954990.6309
439842.7916 953846.0186
442097.5829 953109.1352
440834.6271 951014.2338
438011.7554 950142.1269
437666.7242 948515.9428
436844.0172 945763.8364
434649.9265 946596.2180
433840.6996 946903.2178
432982.3202 947576.5593
432898.0317 949079.0073
432794.5879 950922.9007
432710.9621 952432.5920
432307.7084 953475.1508
431741.3956 954939.2772
431568.2714 955959.2591
435536.5121 956061.2528
434942.9190 957903.6897
433963.6354 958719.1373
432512.6227 959927.3928
432479.2741 960869.3631
431715.1893 961001.9659
429183.0879 961441.3985
428071.0417 963799.4426
428297.7540 965732.4708
426878.2805 967511.0689
425996.8536 967498.0743
424310.8379 967473.2180
423726.0920 965541.8036
421130.7407 962773.1559
420531.5099 963121.5697
419186.1877 963633.8149
419334.2327 966213.1840
419125.6752 967283.4462
417363.6832 967125.2840
414878.0619 966902.1663
414231.2189 970249.2291
415587.5862 971136.9264
415926.3596 972520.4220
417597.0728 973222.4798
419530.7692 974035.0469
421156.5600 973446.5843
422785.8492 972116.4733
424575.9350 973007.7669
426713.7523 974072.1980
424990.5481 977401.3785
424080.4974 979676.1566
422252.3332 981487.7672
419829.4227 980229.9983
417973.4552 979693.1521
416377.3514 981697.0800
413864.7355 979203.8021
412469.6278 978503.7545
411729.0580 976240.6501
409002.7137 978066.3842
407801.5353 977613.4115
407263.0553 976115.2869
407651.2847 974895.3254
407503.9978 972230.8512
404278.5965 970904.2040
402570.9597 970201.8320
401663.4259 969188.7141
400416.5723 968333.5285
398005.0217 968205.1598
397821.3032 970476.4976
397659.0451 972915.5087
397583.9901 974043.7115
397524.0779 975783.7290
400021.8981 976997.4255
401730.7814 979526.2749
401973.2102 983511.1173
404740.4093 982492.4671
405796.6944 982930.6129
407306.8708 983890.2164
406751.7727 985852.1255
405720.4877 989497.0440
407613.2358 988794.3401
410144.9218 987854.4233
412630.4318 987667.8069
414632.4344 987116.9889
415843.3376 991002.2457
415059.2292 993235.6648
414586.6534 994730.7350
412731.2392 1000600.6392
410071.0541 999759.7162
406726.9342 996783.2590
406122.5222 995405.1526
404856.4906 995642.3005
403197.9256 997006.1135
402143.3869 996445.1618
400794.3083 995608.4879
398806.9706 996966.6575
397694.7443 995068.3500
396373.6302 992813.5206
399074.8499 990187.0670
397288.9448 989703.3694
394479.2972 988942.3995
392163.6465 989482.8114
390490.4962 989873.2805
390644.1064 991929.2565
389654.2603 992781.1393
388403.1304 993857.8886
385267.1654 993411.7843
381513.0207 992810.8483
377824.2046 992220.3696
378943.2443 994252.6474
380122.9842 996395.1622
381662.8138 998251.8458
383236.0305 1000148.7867
385438.9625 1002765.0369
390763.2734 1000594.3315
392356.7837 999944.6621
392604.6170 1004467.0672
393074.0137 1008426.9987
393338.7785 1010660.6118
394397.1502 1015305.5736
397231.7821 1014429.8409
399157.7141 1013834.8424
399778.4000 1010762.4747
399981.7570 1009755.8662
400305.2742 1008201.2691
399889.3512 1006321.5701
401105.2003 1005232.2970
402868.9471 1003652.1653
405859.0031 1005774.1731
409326.3245 1008234.8907
409590.5971 1009888.3399
409569.4471 1011254.7969
409418.4052 1012736.3133
406137.9815 1014131.8296
407032.7949 1015701.1947
409846.3523 1018585.6038
411283.3675 1021697.1218
412051.5400 1023360.4185
410517.8096 1027994.0010
406677.0562 1025798.6248
404819.2271 1024736.6890
402041.6123 1023761.7905
402634.1971 1026987.8616
403065.0901 1029333.6716
403433.6332 1031327.6345
404429.4454 1032887.8934
404398.2304 1036250.1309
404123.4468 1038220.4633
403936.0727 1039564.0272
411596.7609 1038703.5651
412855.7744 1038562.1505
419251.0516 1040381.7953
419046.9304 1038112.5651
418750.2605 1034971.3940
418455.6427 1031851.9509
422538.2981 1029531.4749
427809.0710 1026535.7036
428901.5584 1027030.3012
428796.7387 1030017.6246
428679.4729 1033359.6563
432821.1857 1036259.0383
434634.8631 1035523.6302
437083.6670 1034530.6916
438945.0693 1033783.6404
441781.0717 1032567.1086
445270.1428 1034893.1212
445253.5022 1037150.1859
440545.5516 1041962.7193
442121.4350 1044229.0891
442529.2374 1045901.4121
443362.6993 1049319.2867
444437.2863 1053724.0770
453827.3778 1055973.6640
462302.8876 1059311.0511
461148.5011 1065467.0019
460385.6632 1066999.2452
456810.0133 1074181.3289
453532.9599 1072741.0273
449480.9178 1070960.1095
447699.1083 1070176.8640
442989.5482 1068106.6529
433495.6080 1063933.3446
429940.4886 1062370.5994
429155.7050 1058603.7843
428153.5394 1053702.9073
426629.8221 1046251.4929
422627.5414 1047070.6699
420140.7733 1047579.6555
412716.8302 1049122.3715
414761.6920 1055365.8699
416955.6888 1062064.7166
416973.1891 1065622.3832
416997.6806 1070601.3301
414145.3443 1068649.7620
412364.9105 1067480.0030
408093.3807 1064673.5741
407128.3533 1068237.6652
405821.1892 1069401.7089
404461.5397 1070612.4915
403987.7569 1072309.2981
403350.6988 1074590.8593
400005.4348 1077159.4411
397025.5253 1076737.2049
395817.3586 1071888.0519
395308.7161 1069846.5413
392478.3022 1070087.3319
389984.0372 1071403.2695
388022.8933 1075605.2441
386741.2893 1078347.6256
388121.0630 1080004.2611
391751.8352 1084363.5742
393216.0808 1086120.4716
399454.5116 1089502.3244
402569.9628 1095040.9317
402862.3243 1096454.6520
401474.1913 1099523.7462
400004.5808 1102861.5471
397198.1496 1104950.7703
396086.4012 1106686.9782
392166.9401 1109748.5928
389631.0091 1101712.6528
387726.2639 1095659.6737
388681.2654 1092190.3406
383190.4758 1087409.7339
382185.2021 1087680.5551
378985.7335 1090536.6521
377400.9813 1091951.3264
376464.2695 1092787.4266
373253.4629 1085800.7920
372350.6145 1084556.8449
368804.8858 1085103.5558
367298.1319 1081695.9349
357000.5855 1080140.3188
353191.6015 1079526.4409
354499.5541 1081974.2016
356938.5279 1086532.2836
358529.2428 1089505.0950
362313.2797 1093025.3071
363046.5209 1095343.8182
365283.7489 1102384.4613
360778.4601 1110475.0705
351556.5674 1105459.6710
348126.0274 1102681.7305
345218.6954 1100335.0588
343121.4458 1098642.2503
342115.1647 1097115.3688
340967.3365 1094819.0045
337372.4860 1098716.5889
333827.2582 1102560.3716
332591.2884 1100515.8729
330624.9332 1097263.5093
330286.4906 1096703.7231
329123.5361 1094576.1753
328787.2734 1093974.3562
326538.1257 1091722.0323
323866.9810 1089047.1155
321420.7951 1096648.1793
314912.6940 1096805.2507
315781.4092 1098672.6061
316790.0061 1100840.6456
317700.6484 1102637.2954
317184.0426 1103725.3857
315331.9420 1108808.5447
322074.8868 1109831.8234
324170.3790 1110256.8776
327202.1151 1107899.0965
329793.2887 1108323.3153
332130.1386 1108705.8970
332219.7123 1109069.5294
332320.2572 1110999.9101
329929.7340 1115569.6465
327936.2118 1115949.5940
320993.3557 1119504.4516
324419.7092 1126727.6401
328910.2041 1125333.2698
332532.9889 1124208.3373
334362.2306 1122852.2564
335010.8016 1118851.3211
335351.2507 1117087.9502
337722.2464 1117595.6436
342361.9739 1115243.7245
346297.0289 1116648.4703
350615.9708 1117967.7145
350750.3590 1120923.9177
348743.8620 1122284.9466
346318.9009 1124116.6831
341655.1316 1127639.5425
344882.0129 1132638.6178
349897.6602 1140408.8441
347656.5887 1144310.9505
344807.7390 1144222.7448
341521.8029 1144274.2524
337282.7115 1144340.7009
328107.6985 1142908.8055
327960.3577 1147207.6862
328380.5074 1153769.4612
329065.1028 1155255.7189
331790.8245 1155561.4365
337036.5137 1156141.8013
337208.2804 1159431.5642
338242.3334 1160342.1468
339569.3601 1161433.0575
339480.6969 1163017.7932
339420.3023 1164097.2664
337768.9509 1164066.2286
333767.5027 1165334.7485
331592.3799 1167236.4671
327764.8077 1170582.9289
330593.3549 1171346.8657
332105.4687 1171791.5306
336873.3976 1171490.8262
339223.0971 1170755.2926
340872.1711 1173068.3044
341177.8878 1173596.6229
343316.2865 1174346.4377
345186.9780 1172894.3837
348704.1471 1170164.3135
351352.2951 1175020.4747
354558.4718 1177053.3514
351436.7853 1179894.4278
350533.6353 1182642.5867
348519.8289 1182017.5512
346186.0788 1181525.7803
341059.2023 1180445.4381
340574.0475 1180428.4496
340057.8444 1180277.5760
339587.1965 1179924.6835
339397.7299 1177704.7231
338554.2737 1177187.1578
335922.1950 1177237.3499
335664.1272 1179353.7041
335486.1910 1180802.0645
335276.7363 1182506.9787
337806.8979 1183826.9643
340079.5648 1185073.6315
341437.6334 1185826.4466
342321.6353 1186593.2847
342982.9919 1187460.3180
342974.4142 1190614.9869
343705.0729 1191055.5754
348362.4836 1190408.5992
351123.5197 1190025.0545
352832.2341 1191643.7106
354038.2081 1192786.1235
352470.0671 1193404.5986
345916.7611 1195707.2680
346137.6473 1196508.0520
347414.2362 1201136.1010
348057.2832 1203462.3204
350216.6486 1205010.1259
352687.6710 1206779.6089
354371.8863 1207930.9941
356545.1606 1209416.7163
361328.9540 1212547.5448
363260.0422 1213736.4051
366858.3237 1215111.0830
366595.0270 1217025.8123
369787.5006 1217653.7996
371162.6758 1218889.8365
372240.0822 1219668.4764
373042.4500 1220405.8372
374261.5145 1221526.1344
376104.6706 1223208.8365
376910.5251 1223971.1106
379250.0657 1224867.8110
379085.1239 1222970.2112
378799.8194 1221021.1089
378592.9441 1219092.7564
378819.4373 1217674.6295
379755.6902 1216036.4762
379641.0763 1213101.4060
378535.3955 1212597.1120
376937.0690 1211298.9742
374379.9137 1210891.4274
372541.1916 1208897.2880
374717.5962 1207944.9728
377193.1194 1207070.6717
380091.7469 1206083.4743
379109.9865 1203847.3612
374671.2566 1199851.3231
373146.7385 1198478.8512
371575.1797 1200988.8069
371288.5420 1203822.2711
370121.0309 1204272.5175
366621.1369 1202491.9935
362783.5709 1202150.1273
362013.7631 1200947.6341
362064.4271 1199882.6799
364325.9609 1198148.8333
366263.8576 1196809.2162
364804.3793 1194515.6589
362463.6940 1193348.2678
361599.2358 1193692.5409
361114.3814 1192650.0364
360544.7237 1192354.8263
359750.4779 1191943.2292
358649.8997 1191572.3097
357162.8253 1186445.9678
358291.0124 1185956.6730
365977.4494 1182617.6934
372625.7647 1185667.7030
376705.4084 1187723.1702
383854.1397 1184801.0773
386688.9366 1179197.3134
382653.8329 1172021.0782
392120.5540 1148304.3122
376301.1934 1147105.3880
362598.8931 1149552.9830
362165.3955 1148876.4653
361719.6108 1147805.2194
364604.7319 1143855.8027
369689.1226 1136895.8254
369856.0725 1134950.5975
370057.4917 1132603.7501
370178.0224 1125270.2071
370325.4941 1116297.4689
376264.4173 1117403.5359
377083.0057 1124482.3800
377580.0088 1128780.2749
383041.0864 1128328.5170
391543.4247 1125473.4389
389551.7083 1123356.8664
388175.5625 1121894.4532
390608.3270 1120115.0549
391968.5197 1119120.1684
393735.0042 1117939.6769
394581.0964 1117401.0462
396064.6493 1116456.6016
396572.4407 1116364.9446
397846.7141 1117566.7821
399572.7327 1119194.6853
401007.8686 1117755.9156
403070.5732 1118443.8531
405499.2106 1119419.2020
405905.8039 1119952.2515
406304.8087 1123644.1362
408103.5737 1140287.6253
409116.8505 1149663.2018
408764.7713 1157641.6286
408611.8724 1161095.7584
407931.1358 1176474.2460
400643.4731 1183537.4534
395489.1333 1188539.7926
391792.8350 1192127.0876
393365.1305 1197271.1206
393297.7871 1198080.2375
391443.7728 1199461.8860
393596.5861 1201486.1171
395291.6054 1203079.8971
396113.6149 1204859.9181
391141.6066 1209125.1804
389572.0829 1208852.1663
388018.2175 1207814.2593
384102.6508 1209634.0519
383588.8385 1211056.6214
384317.2487 1212057.7577
385683.8498 1212887.6989
386996.2065 1213684.6974
387604.6888 1213824.4047
390209.3214 1215255.3798
392165.2527 1216014.8199
393367.7028 1216481.7018
395455.8316 1219170.1628
396045.5549 1220553.9619
391218.0389 1220011.1322
385647.0986 1219384.7083
384597.3865 1219678.9273
384294.4005 1220981.4306
384286.5665 1222849.9545
384279.7574 1224474.0417
384265.7174 1225872.2176
385844.9160 1228469.8530
386988.2444 1229353.3676
388699.8250 1228050.0802
389583.4325 1228627.4671
391405.4243 1231858.4060
392771.4135 1234280.7154
393744.2746 1236097.6548
394648.4652 1236050.7251
398245.6702 1234444.4638
401861.8095 1237421.7888
405755.6955 1240627.7948
407581.1502 1240327.4910
405949.8988 1231742.4036
405544.7612 1229610.2110
404927.7586 1224211.6908
401254.5622 1222084.4049
406848.6722 1216290.4186
405050.5177 1212077.4509
405709.5600 1207788.6568
414996.8063 1206098.4453
420705.4540 1205059.5128
421228.7312 1213659.7863
422148.7031 1215357.6802
423856.2784 1218095.1674
420026.2942 1219910.5736
414004.4302 1222764.9274
415394.0091 1227113.9989
416909.5381 1227231.4259
421469.6607 1228634.9521
423063.2543 1229125.4325
424329.0584 1231722.0968
425365.7369 1234136.2675
422683.6269 1237348.6759
419417.2849 1241260.8288
424477.3349 1242369.8474
427233.1043 1242973.8335
429261.7751 1242484.6322
430850.2872 1242101.5724
433472.4413 1241418.5291
435537.3392 1240880.6451
437966.1006 1240255.2503
431190.5954 1233374.8863
434922.3782 1232805.2575
438211.5718 1232376.3833
439409.5601 1232220.1790
440627.0927 1232118.7366
444097.5743 1231829.5827
445553.5014 1231951.3651
447137.4726 1232090.7743
448995.8615 1233860.8246
448792.2843 1234730.7335
446148.9149 1239991.1952
448771.9192 1239922.6922
455119.3056 1239769.5201
458921.0049 1239677.7794
461744.8066 1239619.0125
460886.8573 1233994.3190
460586.0878 1232022.4822
460822.9310 1230292.6599
464174.3985 1230442.7913
465774.6793 1230962.3059
468188.5418 1228747.6593
468708.6491 1229370.1720
470174.1383 1231233.1110
469644.1585 1233073.9375
468671.0370 1236453.9683
470614.7323 1239993.7507
478513.0990 1242105.2831
480935.6431 1234218.3636
481770.2621 1231282.1419
482362.3968 1229198.9890
483175.3519 1228596.0495
483855.4248 1228194.1966
484938.7707 1228199.9078
485867.9817 1227789.4039
488040.2351 1226829.7527
488536.4601 1223999.2144
485204.9864 1223399.3498
484079.9722 1222588.0233
483955.4777 1220874.8439
483832.7373 1218699.4288
482352.8210 1217992.4761
480106.7207 1218237.7002
477240.8739 1220807.6340
477254.5676 1220977.1056
478608.0813 1222347.1391
478463.2794 1223561.7940
476374.0486 1224713.3218
475181.1362 1225180.5947
474317.6676 1224091.4511
473129.0515 1224126.1061
472179.5969 1224202.7831
470975.6861 1224300.0097
469660.0905 1224061.4177
467579.7054 1222578.9475
470762.1491 1220126.5820
472152.2963 1218930.7033
473312.9721 1217932.2283
471000.8093 1211492.3488
470370.4010 1210096.4195
468850.4544 1206730.7624
468227.8346 1205350.9665
466992.1921 1204360.3323
465403.6239 1203074.7089
463494.5092 1201756.4259
460685.8924 1199122.0027
458024.9137 1198423.6409
454251.4265 1197433.3062
451880.1550 1201515.9131
455591.8253 1203226.4979
456212.7960 1208072.0191
455923.6810 1211414.6980
455633.8345 1214765.8337
455285.9605 1218770.7408
454849.5846 1223758.9130
455468.6900 1225412.1756
457184.2187 1225398.6249
457113.7730 1226916.1383
456935.0125 1227700.7036
454993.3732 1228886.0829
453661.9591 1229815.9957
452291.4135 1230413.0428
451248.2510 1229504.6318
451085.4464 1228183.7852
450568.3354 1227541.0162
449173.6094 1227658.7136
447346.1654 1226759.8658
445565.8693 1227068.2781
440449.4438 1226274.5194
439386.9222 1224046.4319
442507.5099 1213687.1423
444419.5950 1210711.5231
437622.7881 1191074.1521
442811.3962 1189664.5204
444463.6746 1186984.2995
448747.2829 1180035.7030
452200.4508 1179162.4751
454127.7506 1177866.6778
454798.5600 1173844.0561
462858.1515 1176665.4422
460950.3238 1180563.4937
459737.0814 1184549.2650
456764.5860 1188808.7561
458771.9429 1191165.4783
460221.2446 1193351.9542
461646.3036 1193127.1921
463042.0579 1192347.2400
466239.7867 1190560.3385
467839.9984 1191175.1395
469712.8260 1194421.5863
471370.2473 1194350.8750
474595.8607 1194213.2593
474327.4675 1198253.8544
475538.8092 1201994.4677
476517.3090 1204680.8710
479330.0275 1200822.6936
481065.4240 1198442.2678
483221.7508 1199254.5054
485209.0579 1196625.3327
487590.9705 1193474.1038
485310.1385 1188986.4246
479102.2102 1188381.8916
477336.7156 1187668.6625
473616.2439 1186186.8847
471567.7906 1185371.0331
473865.3258 1181906.1844
474885.7790 1180367.2675
475636.3879 1177596.6242
477308.1956 1176116.1720
482494.7943 1177918.7265
485095.5708 1178822.6024
485557.4702 1174912.1209
480844.4305 1171834.3930
478579.6162 1170355.5810
477529.7994 1169678.0979
476905.5193 1169790.3604
475944.9998 1171015.2699
473740.9855 1170836.9620
471811.0309 1171766.0235
469661.5895 1171827.1097
468444.3083 1170817.0694
465280.7099 1169807.3904
465625.3985 1167695.5255
466000.0885 1165399.8464
464266.6169 1163907.8518
464065.2645 1162195.5243
463762.1237 1159617.5741
461493.6838 1160025.9958
459140.8936 1160381.5015
454030.9665 1161153.6097
449548.3175 1161589.0591
446514.0623 1161883.8099
445749.5178 1163730.2086
442832.3485 1170775.2628
440621.5666 1170538.9058
438928.3697 1169070.0216
437406.0570 1167749.3831
437399.5174 1165812.5759
437598.2491 1163234.6250
436223.0181 1162674.8630
432691.8986 1156164.4164
430644.3189 1152404.1155
427990.9142 1147531.2403
427644.8771 1145702.0478
427432.6135 1144579.9974
426346.1731 1142823.2302
424303.4354 1139520.1363
427239.3293 1138467.5333
436061.4210 1141772.4822
437016.2133 1134886.0279
439086.5308 1136219.2457
445527.0807 1140366.7523
451802.8856 1140129.7501
460152.9889 1139814.4133
461724.9793 1139738.1649
463508.0764 1134924.6788
466079.2179 1139178.3378
468228.7313 1139963.9380
475132.8537 1142487.2441
474415.0270 1146367.6180
473904.8311 1149125.5971
475065.7573 1153665.1486
476105.9419 1157641.2527
476455.6497 1158978.0104
477188.6173 1160857.1652
482619.5256 1163527.6420
485244.7718 1162050.9397
485549.6836 1158977.0063
485881.7660 1155629.1550
486801.0636 1150590.2174
483537.7102 1142555.8312
482509.5526 1140023.9910
483688.9733 1130806.0507
480138.1801 1126844.9139
484392.9806 1122756.9944
483588.5061 1118786.4226
483505.0828 1110866.0358
478469.8243 1108703.9371
475603.4851 1110229.1246
475581.1182 1113004.6829
475541.7637 1117888.2907
474202.0089 1116546.4340
466086.2514 1108412.3305
459093.5828 1101403.8546
458623.9841 1105666.5154
458548.9965 1109412.7464
459359.0727 1110877.1586
460208.9853 1112413.5849
462076.5205 1115809.8291
463897.2380 1119139.2317
463981.6905 1120814.0193
463186.8161 1125446.4674
460904.1998 1124264.0498
458329.9016 1122930.5381
453296.1568 1124718.0404
452728.8619 1122410.1185
451679.5019 1118141.0147
446492.9279 1113029.1494
442035.6646 1115978.4112
439511.6024 1117845.2398
437642.2696 1119227.8221
435946.4888 1120708.7199
434443.9458 1121973.4998
432276.1268 1123866.1209
429401.9917 1126375.3936
428411.7012 1126613.3915
427668.9275 1124900.3046
426830.3460 1123045.9459
425447.5495 1119808.7350
424829.9337 1119067.2245
421851.6541 1120501.0569
419551.9625 1120050.2785
417420.8763 1119746.2761
416051.9487 1119550.9966
413399.3421 1119148.4285
411563.9320 1118869.8808
410131.7461 1117924.4998
408697.8173 1116187.7170
407811.4695 1115114.1676
407045.0396 1114185.8634
411082.2490 1108490.1308
413634.2920 1104889.6846
416009.5170 1105944.7046
417843.5284 1110202.8918
420066.9072 1111213.0394
423019.7766 1112554.6163
426027.0156 1114106.9812
428399.1034 1110948.0476
435496.6986 1110113.5373
435221.4922 1107571.0435
434177.6545 1097927.5528
428678.8281 1098690.4669
425455.9446 1099137.4295
417228.6977 1094179.7861
417363.8134 1092119.8779
417525.5586 1089653.9909
418168.4951 1081176.1942
424256.2980 1080143.5325
428432.2786 1085302.5885
430488.3982 1084268.4272
433102.4846 1082953.6267
436492.9270 1082272.1866
440105.0762 1081546.1859
443384.5948 1082268.7478
444562.7207 1082528.3191
446406.5435 1084242.6955
443433.2815 1087975.9004
445826.7837 1088701.4756
447078.8119 1089081.0200
451655.3880 1090471.4343
456195.4782 1090521.2289
457686.1638 1088410.7825
458900.6076 1086691.4269
463274.3247 1087027.0466
465388.7214 1096623.6364
469797.5230 1096095.7916
472495.3862 1100420.0666
480704.9071 1099431.3320
483625.6140 1096135.7104
483942.6988 1092716.6180
482961.2658 1090203.4481
483422.7756 1087241.9192
483641.7957 1078737.2589
483954.1632 1066607.8694
486361.1160 1055449.4804
481975.0401 1054709.9693
480171.8797 1053733.0386
473928.5348 1053972.7250
469610.6208 1052031.5945
469363.8131 1048190.6105
460888.8887 1045523.2787
464201.7010 1043996.7502
468622.7816 1041959.5367
478048.5714 1042376.9159
481899.5969 1043216.3686
486631.6310 1043959.4872
487729.6190 1034360.8199
482223.2182 1034542.2148
480018.8424 1032711.5587
481607.0337 1030857.3339
482046.0346 1028839.4453
481522.8746 1024502.5707
481263.0290 1022348.5116
486207.5788 1021632.9053
487133.8452 1015057.4169
487626.3733 1011561.0005
483665.8384 1012503.9172
480445.3235 1011285.5345
477352.9481 1012333.4666
476351.4200 1010469.5979
474107.2842 1006281.4030
471563.0440 1007791.3486
469827.1827 1008812.6124
470987.5513 1010897.9471
471329.2342 1013133.9553
470422.0552 1014441.4969
470951.2192 1016057.7383
470693.8627 1017286.6814
470149.6105 1018333.9158
470884.3953 1019507.8875
470872.1822 1020473.6067
470838.6720 1023123.3202
471832.7603 1026872.4661
469578.8909 1028808.2476
467950.6829 1030206.6672
465761.3458 1030643.3155
462696.8326 1032141.7890
462006.0276 1026541.0441
462273.5646 1023152.0853
462539.8110 1019779.4763
459307.2248 1019591.4464
451168.4115 1017881.5039
449067.8352 1018728.2636
440888.2013 1020658.3294
439151.2142 1018213.8680
437587.4242 1016947.9004
432228.7692 1018788.7101
428482.3454 1020075.6849
422353.2553 1010963.0891
429204.1741 1007447.9892
433040.2994 1006504.4587
435310.2888 1005946.1339
438340.8137 1005199.9876
441705.7920 1003804.4396
438636.4793 1001107.7378
434579.3232 997636.3309
431327.1911 994853.7231
426829.8496 997128.4014
426687.7667 995310.1846
426295.0083 990453.0297
426079.8892 987792.6999
427599.5343 987182.4703
432263.7921 983859.8371
430460.1821 979534.5103
432340.8324 977774.2049
435683.2152 978877.2519
435438.5011 974751.3235
432830.4373 971624.5716
432810.8356 969595.4960
432790.4784 967488.2143
434517.5836 965699.0308
436014.7794 964781.7809
437412.6225 963925.3990
439296.4124 963199.9675
441788.4112 963079.4168
442952.6873 963553.6166
443105.8157 964603.9182
441213.1793 967358.2196
438475.1417 968917.1652
438201.6121 969761.2470
439536.5579 971531.6438
441001.4570 973474.3836
443097.7138 973657.2232
444818.7485 970483.9186
447715.2101 968788.9909
449305.6765 969171.5868
451774.0677 968308.6949
453507.6594 971056.0980
454743.2924 970463.9448
456180.0996 970297.9277
461519.7866 969680.9491
462678.9443 967877.3193
466019.0761 968221.9618
467799.9738 967544.5660
469845.8731 970293.4316
473039.3504 970225.5402
476111.3567 972048.4666
477960.0232 971726.4102
477709.6837 973429.8343
477331.4109 976003.7748
476734.5390 979985.5855
474873.0523 979520.5262
469683.7952 978224.0829
465913.1149 977282.9522
462908.6285 976533.0571
460647.7479 979041.2854
457935.3132 979073.5412
455165.9418 979106.4741
453038.6072 977177.0105
450090.3692 978836.7857
447684.8646 983495.8303
444104.6437 984082.5624
441202.1173 984638.6294
438344.3259 986455.5833
435868.5171 988380.7838
439133.0406 991585.2291
444218.6108 991632.5009
445989.1561 992567.4839
448974.2902 992687.8074
448415.1283 999104.8411
454082.3898 998485.2511
455351.5199 1000089.0579
456609.0395 1001678.1927
457287.5004 1003699.0585
458452.3404 1006123.8422
459854.1090 1004978.6691
462393.2788 1002904.2977
466574.7119 999486.0159
464704.1674 998312.9334
459171.4719 994843.1907
456392.2634 990742.7607
456205.2332 986115.1450
460039.1919 985321.8284
462744.0514 984762.1432
464272.1733 987989.3391
468018.1835 988759.1331
470134.4001 991391.0871
474081.9249 992606.8184
475930.6562 993176.1778
478046.0773 996299.6855
479381.6631 998271.7338
482838.9706 1001025.4217
484471.0886 1002325.3765
486962.3198 1002941.4355
486832.3733 1000680.1573
486655.9793 997542.0062
486577.8998 996152.9280
484599.9377 993336.6969
483088.5259 988252.9283
482208.0278 984269.7664
485871.4136 982671.8013
485555.6646 978647.8899
487756.6935 977828.8764
488073.4739 973646.0077
484692.5580 972791.2137
485772.1234 969792.7001
483940.6762 967403.6160
484572.2970 964899.4256
485449.1535 961422.9475
486494.3773 957261.7388
487052.9883 953112.6672
485805.9649 947500.6004
477324.1639 947483.3228
474150.1452 947542.3832
472047.7420 947581.5036
471217.2222 950442.0027
475250.5365 955410.4889
476383.1233 957094.6901
477866.0461 959299.8544
479243.2531 961357.0200
476712.4182 964362.9466
474160.8635 963523.3659
472421.2405 961544.7445
469595.0688 961934.4683
467013.0807 962255.6151
464822.2764 960590.4262
466213.5252 958854.3598
465683.0446 958014.0422
464669.7484 956408.9113
463473.2564 953761.4164
465793.3272 951954.0024
463028.0173 949356.1748
461661.0345 948071.9840
462643.0909 946033.4558
464579.2059 943922.4405
465405.7500 943116.9000
465415.8603 942022.5111
465432.1162 940262.8901
464518.5092 938927.7254
459751.7219 941622.2590
457315.0198 941257.7387
457316.3077 939094.8424
457317.5610 936990.1102
458910.6926 935792.6932
459384.0649 934587.1366
456400.7978 930417.6590
454527.7870 930531.5186
454422.4215 928696.0625
453244.2638 926706.4829
453230.4766 925381.7083
454311.2176 923388.3037
456020.0991 924377.6574
457943.2792 925491.0789
460393.3954 927461.2943
464183.3456 926371.0527
465872.7185 925885.0768
469521.7207 928924.5317
472025.7430 931058.7788
471738.7494 932731.6987
471411.9576 934636.6076
473970.9403 936030.2948
482598.6622 934117.7558
484169.5701 933328.1234
476873.5005 928567.1577
476686.3545 927263.1032
476604.5434 925111.9013
476653.3266 922368.8170
477040.7691 918497.1385
473033.5765 914570.2349
470468.8691 916963.8771
466832.2523 920357.9327
465051.2618 919191.7248
463567.4017 918220.0804
459838.7695 916823.0447
457294.9535 917657.3378
455604.6424 918211.7077
454207.2764 918328.1359
452620.8176 917458.4145
450660.5354 916383.7575
452818.8094 911885.9865
450089.8740 911308.5220
447998.2920 912690.8837
447084.5155 913268.5764
445252.5657 914393.2329
444230.1412 915427.8228
441711.9903 917975.9360
445367.5032 920867.2872
447339.3820 920603.9174
448712.4460 921422.7190
448000.6195 923804.9410
447611.7558 925106.3252
448257.5403 926367.8426
448990.6196 927799.8874
449634.0778 929562.9285
449627.7468 930571.0684
448401.6998 931498.9948
448486.3705 932216.9421
448694.2808 932974.6232
450832.5553 933151.8423
449923.9019 934794.0080
450338.1063 935649.2582
451148.2557 936321.7520
451933.4554 938744.5397
451273.1342 939618.4240
450769.9192 940501.1532
449819.0842 941333.2229
448586.4185 941715.7804
447829.8478 941566.2244
447055.9453 940909.2605
446581.3521 938204.8273
446438.4704 937390.6263
444037.8673 936534.3509
443417.3438 935725.7519
442110.9158 935317.7011
440847.9923 934340.0197
440727.1682 933060.4939
441444.3345 931707.1140
442808.9395 930691.1064
443091.0555 929346.0000
442238.1234 928134.6517
442156.2759 926997.7955
440789.0564 923519.0971
439332.2689 923040.3145
437942.2681 922200.9766
435493.9421 920053.7983
436124.8082 918392.6211
436083.6818 917490.4266
436002.3615 916840.8873
433041.1690 916818.5121
431167.6849 916804.3558
432161.6129 913530.1324
430919.7380 913370.0734
427882.8295 913634.6647
425995.2471 911542.4270
425103.6301 911209.6206
423795.6592 911976.0554
423208.5335 913398.2759
422303.6352 914434.5701
420989.2159 916692.1682
420398.4740 916666.0026
418287.5377 915089.2327
417257.7160 914320.0045
416823.5440 913784.2048
417645.4357 911122.9847
418231.5674 910443.8175
418603.9404 909850.9916
419133.6072 907912.9734
418588.0379 907463.4010
417023.8545 907389.1569
416201.3008 906323.3983
416234.9426 905460.7803
416227.9033 904639.0006
416262.4779 902449.8268
417538.5402 901183.1841
419989.4069 902205.8991
421174.6584 901767.8981
422410.4918 902235.5034
423819.9866 902000.2188
424625.9327 901865.6836
425350.3479 902519.9848
425763.9514 903815.0588
426465.7402 906012.4976
428221.4522 906150.5771
429552.4656 907359.7169
431348.3619 903934.1820
430812.4946 900742.4855
428962.1102 898229.4418
431096.5446 896313.2392
431177.3165 895654.0601
429017.9173 894698.6119
428178.7135 893625.2564
428184.7569 893124.5499
429922.7147 891553.9471
429880.3721 890288.5633
429491.0115 889286.6095
428215.5230 889204.9134
426472.7985 889093.2904
424812.4940 886020.3669
424435.9879 884614.6922
423046.8469 884200.8978
422535.7054 884048.6400
421940.4329 882851.9730
422757.4422 881517.3146
422774.7727 879758.3501
424564.4779 880625.1479
424997.3704 879853.6632
427520.2828 879634.6661
428401.1310 880216.8133
428684.8084 882149.7005
429043.5412 883878.8472
429620.1777 883664.8212
431761.4899 880518.5253
435029.8361 879545.9855
435000.0757 881843.0150
434972.2973 883987.0621
434421.9731 885624.0455
433935.3706 887071.4836
434510.7666 888564.2603
436494.3004 887639.8284
438306.2537 886795.3621
439168.1600 885859.8737
439777.3625 885632.1780
440754.2213 883431.0132
441311.6312 882086.4194
439813.2011 881196.3454
439677.6349 880305.6302
439393.3529 879253.9119
439223.1947 878624.4016
439327.0357 877976.5020
442225.5801 877284.5821
445599.2563 876264.1389
446012.9115 879307.6504
447635.7117 880216.3989
448895.7127 881302.1232
448006.5532 883475.8808
446566.1371 884715.0654
445326.9152 886096.2768
447819.9031 888523.1500
446780.2091 890362.5666
444939.5010 891599.8356
443391.2189 890482.8605
441761.3460 892958.1799
439702.1331 891433.2166
438463.8566 891599.8769
437731.2806 891788.2907
437035.9471 892253.7004
436306.9073 893206.1015
435900.3467 894126.3635
436889.8762 895393.9522
436205.6939 897494.7127
436837.4457 898716.3717
438192.3693 899474.4383
438265.1173 900865.4156
438211.0453 902860.5480
438152.8014 905009.6163
438123.8803 906623.3052
436153.2170 908119.2386
435122.7285 908901.4838
436504.2504 911615.4454
438440.0105 911841.6862
439637.6455 912463.5936
441860.7886 910853.6236
443631.8356 909571.0555
446332.4214 907822.1749
447969.4933 906854.8160
449409.8207 903707.0450
448787.0143 902010.6905
448160.3359 901295.7737
445893.3276 899923.4536
445085.1884 898644.6011
445556.6914 897175.0754
448159.0573 896155.3699
450726.6976 895149.2711
452774.1243 892978.0411
455473.4995 891012.5982
457174.9916 892546.8837
455842.8365 897595.8259
454917.7245 901102.0525
457391.9157 902048.5100
459656.8984 902438.4467
464210.6195 901322.3361
464844.8325 905394.1666
466328.3035 906877.1964
467024.6989 906968.5593
475554.5292 902901.7871
469535.6940 895725.8861
469848.1401 893284.3988
470821.7463 885676.5339
467554.6504 885444.9582
462204.3847 885065.7249
462506.1997 883668.4264
464285.8732 875429.1568
458325.0343 878754.9213
453633.8148 878562.7157
452533.2957 877248.5745
451889.6905 876585.0795
450308.1662 874133.9721
452732.5697 872438.7496
457313.9607 869235.2906
462215.0815 865841.3252
461560.7481 862200.6696
462096.6949 856468.4543
451503.5022 857742.8247
449942.2119 857934.6131
447785.4527 858199.5487
445270.8732 860651.7336
442085.3559 861866.2185
439641.6138 862526.9739
437907.1791 862443.7704
435738.8602 862339.7527
437038.6905 858185.6722
437351.3964 856529.6531
435607.8988 856312.5506
434589.5121 856574.6437
433621.7136 856953.4720
433279.5135 857986.7481
431720.8324 860860.0808
427218.2049 860874.8901
424782.6277 860882.9008
423327.0855 860113.8164
422704.8628 858906.9807
422254.6176 858033.7050
422837.5664 857621.2554
423326.1057 857434.1427
426148.5115 857002.2402
428425.4752 856670.1032
428892.5469 855565.6935
429496.3549 854568.4658
430668.5906 852632.4432
432100.0958 850107.2247
430416.5538 848817.4055
428534.1066 849504.9855
426605.5293 849015.8228
425788.9778 848710.1047
425780.6908 847088.8817
426295.6708 845233.4348
426904.5787 843429.0377
426511.0594 841819.9174
427407.4801 839926.6643
428197.3865 838258.3708
430535.2284 840503.7092
431803.6030 842739.9211
433070.3511 843707.0618
433866.6357 844315.0115
434662.9086 844798.3085
435383.1599 844952.0383
436971.3477 844298.2789
439163.0982 843846.2718
443291.3629 842941.1939
444733.0368 846467.2257
439835.6766 848829.0702
440463.5833 851211.5577
442633.6639 852014.3752
444240.9691 852128.9985
448016.1808 852398.2236
449438.1998 851960.8794
451667.6837 851275.1980
452331.2018 850160.1261
451768.0773 848077.9061
454203.4377 847203.3069
455968.5353 846569.4159
453860.7044 842104.0259
452482.8742 839185.1253
449614.0024 836058.2877
446617.4648 834946.5043
444513.8549 835280.6785
438992.1204 837875.1409
435889.7172 839332.8474
432974.4681 836859.4475
430811.1779 835019.3136
430515.6217 834592.9061
431181.9921 833826.4458
433275.5334 832802.7687
435108.1986 833437.4276
436266.3305 832812.5548
438037.4134 831260.2883
438461.2112 829921.6453
437180.3141 828061.4498
433958.7790 827394.2161
432519.0483 827936.9851
431440.6956 826877.6469
429581.9785 826246.0046
427651.6266 826669.0926
427925.6411 828351.4246
428228.8340 829916.6021
428247.3018 830795.6482
427040.2738 832214.3414
426227.1802 831639.5380
424895.6357 830698.2240
422774.8159 832715.7858
422516.9679 833298.7298
423579.7356 834967.1509
423948.0274 836212.4433
423318.2443 837901.3779
422684.1275 838268.1457
420361.8582 836435.9804
419476.5426 835568.6033
418437.2530 835068.4360
416835.8171 835214.9170
414166.9897 834213.7691
413368.1842 835043.8201
413251.4411 837082.7380
413188.9023 838031.5973
412664.3508 839261.9656
412282.7027 840107.3627
411566.3755 840744.9419
411237.2548 840575.5095
411008.1775 839927.8883
410439.7523 838320.9010
409313.4619 835813.7814
406265.2611 837769.7114
404912.9290 837158.4500
403393.9695 837201.7972
402805.3513 838383.0683
402329.9139 839343.6210
403028.8993 841200.9506
404277.2896 842355.7070
406036.5467 843170.3840
407361.6403 843784.0087
407233.6690 846514.4372
405616.3833 847921.2401
403867.7311 849017.0744
402195.1267 850065.2514
400066.3810 847985.9781
400176.9160 846244.5571
400247.0065 845140.3183
399290.0647 843700.7701
398837.0297 843577.7627
398320.0610 843778.2221
398052.6956 843931.3263
397824.4779 844192.9371
396721.6042 844689.9862
395072.6733 846253.9659
393907.8237 846809.7374
393122.8855 847273.9040
391486.4459 848717.5743
391864.6331 850140.5792
392117.1644 851090.7783
393597.3583 852848.8230
395012.3950 851968.6277
396194.2230 851304.5933
397318.9011 852504.3514
397585.0956 854005.0063
397415.8311 855610.9666
397206.4710 857597.3480
399289.9227 860389.3929
399768.5179 860636.4403
400780.8222 859000.5085
402231.3549 856656.3788
403263.2298 854994.4745
403397.1110 854033.6141
405370.5938 854257.6271
407343.0711 854481.5259
408699.7368 852739.9862
410382.5861 850579.7276
412166.9520 851199.2525
413453.1064 850895.8914
415308.8590 849281.9100
413183.3915 848011.0961
412773.7923 847202.7292
414209.9857 845019.5981
415334.0737 844170.0193
417188.0930 840429.2819
418138.9933 840616.3316
419320.0479 841145.5444
420042.4224 841744.2923
420548.1980 842527.8854
420535.8936 843301.7679
420570.7928 844096.7506
420634.4911 845547.7610
420347.4874 847049.7178
420534.7023 847932.5802
420974.3343 850004.2540
421358.3380 851813.7914
421544.6980 852691.2322
421294.8193 852969.0319
420343.4353 853520.4880
419266.4431 853871.7540
418006.3773 855060.3480
416772.3951 856224.3378
415011.2498 855651.3458
412943.0821 856339.6100
412001.0942 857552.5925
413408.4153 859488.0359
414538.4573 861428.4402
416216.9072 861210.1866
417763.5752 861572.8010
418504.9798 862151.5962
420306.5069 863558.0016
416927.5389 865452.1305
415982.7982 865725.4680
415949.4151 867233.9659
415631.2125 869126.9494
415216.0155 871596.9515
414733.7500 871734.0392
413042.1570 869650.8792
411039.3391 867184.4525
410369.8142 865061.8002
409404.5749 862831.8793
408690.9294 860908.5014
408087.1148 859281.1339
407146.8214 859171.8449
406839.6640 859348.5035
405860.0944 860098.5540
405175.1086 861024.5003
404312.5780 861744.8422
402873.3402 863501.4860
402471.1533 864471.2800
403273.5683 865380.9838
403815.2083 865935.5108
404706.2302 866847.7324
405621.2510 867908.2856
406716.7916 869181.9952
406767.4480 871239.0729
407435.7467 872029.4345
407638.2329 873710.4629
406866.7631 874905.3028
406029.2442 876380.9501
405047.2063 878111.2294
404810.3732 880549.7041
406496.1038 881543.8822
407968.8939 883209.8741
409017.5751 883531.5620
409411.8626 883034.4423
410058.7942 882218.7876
409887.0955 880856.2374
411758.0685 879198.0077
412681.7781 878351.0161
413561.2054 877837.9494
415318.4438 876234.8807
416669.0241 877012.0292
418122.1608 877848.1905
419417.4032 878095.4050
418614.0662 880367.1740
417867.8434 881324.8788
417389.8634 881594.4985
415087.6287 881655.3029
414269.3974 882660.8726
414375.1748 883802.8344
414580.3904 884835.8923
414814.4028 886013.9132
415173.6224 887990.9030
416026.7364 889253.4085
418902.3771 886722.1235
419666.6040 887829.1230
420685.5959 889305.1551
421411.0925 889911.2767
422189.2830 890561.4219
422691.5175 892087.5716
423231.9677 893729.8485
424161.4106 895622.6699
423150.1014 896328.8592
421096.6806 897152.8548
419554.2644 895933.4822
418381.2789 894191.4377
416047.4842 895470.4607
414459.0868 896340.9729
414446.9948 897115.4110
413449.4692 898299.5606
411607.7039 898426.1325
409364.5223 898260.0457
407858.3365 898148.5266
406182.9921 897247.8956
406074.9587 896414.9305
407821.4719 895222.8964
409830.4460 893851.7269
412270.3871 892194.7455
411173.2822 889916.7605
409602.1157 889269.3588
408327.1385 888977.9639
407589.6010 889451.2642
406957.1888 890161.9665
406216.7319 890994.0889
404539.6790 892436.9056
402234.1005 894360.4441
400960.9005 895285.3873
400459.3198 895428.9660
400257.7016 894806.3591
399873.5253 893620.0040
399654.0067 892785.0912
400216.7989 891863.0899
400974.4467 890642.1837
402427.4281 888408.8103
403692.8570 886469.0180
402802.8221 885274.7888
401607.2080 883670.5399
400663.4564 884154.2665
399668.6352 884664.1692
397984.8193 886273.7531
397830.6936 888015.9485
396134.6755 889945.4554
395075.3683 889189.9482
394012.1024 887332.7011
393161.0978 884829.0997
392191.7281 883612.7712
390219.5587 885520.9408
389081.5305 885864.1042
387146.4183 884157.0163
388061.5779 881076.3863
388960.6889 878049.7799
389111.7097 876826.1192
388614.0950 875745.7424
386776.3718 874337.1736
385721.2087 873528.4174
384055.3915 873765.5760
381996.8466 874058.6463
381316.9619 874755.3992
382476.6037 876423.2530
383355.8675 877687.8534
383344.8585 879320.9557
381974.4447 880351.8855
379895.7849 881896.1053
379008.1937 882555.4898
379196.3783 884561.2415
381472.5198 886158.0946
381402.8689 887120.4200
381319.0595 888278.3667
380114.0640 889176.5493
377939.4608 890852.4388
377299.1213 891380.0375
376447.6416 890885.7272
375358.8472 890183.7465
372956.9283 890236.7697
371637.3927 891089.7093
373416.6842 893875.1858
374276.0618 895198.1031
373798.1264 896636.5504
374965.0053 899424.2466
375902.1569 900096.2752
376724.3050 902563.2800
377664.6965 905385.0955
379104.4050 905894.6824
380605.9454 904600.9408
381118.2229 903121.5301
381842.1851 901030.7932
382310.1765 899509.5662
381134.9870 898152.3998
380722.4641 895733.0952
382150.0777 894144.8721
383678.2862 893841.4251
385053.8623 893568.2854
385775.3572 892826.5268
387786.0390 890759.3733
388202.4520 890410.8705
389644.9898 891959.0168
390421.9183 893161.9992
390952.5122 893983.5613
392766.9546 894290.9935
394296.5520 894550.1627
395314.8621 895449.7723
396271.1568 897312.6109
396843.4757 898427.4742
397674.7558 900292.2504
398492.2879 901766.3101
398554.1422 903069.9930
397688.1965 903693.9237
396043.2060 903057.3169
393698.0190 902206.5567
392516.8995 901778.0836
391573.5104 900398.6056
389873.2527 899112.5664
389059.3802 898383.5082
387943.5612 897371.8771
386713.8554 897658.5366
386609.7548 900788.1374
386910.0647 901707.4492
386417.4776 902283.4829
386210.3118 904001.9451
385994.1282 905795.2115
389123.7032 905548.8045
389634.8173 906695.4234
389674.2000 907634.9113
388690.0045 909021.7969
387490.9130 910711.5048
386975.9996 911803.4575
386176.5900 912568.9911
384585.9672 912051.2997
382508.3753 913344.3406
381653.2562 913876.5452
381463.7514 916201.1841
381325.7460 917894.0837
381195.2446 919186.3518
380743.8911 920222.0288
380286.0546 922020.5820
380559.7749 923884.1055
381687.1104 926693.4255
382369.3847 928876.2036
383149.2904 931950.2745
385339.2292 931235.4520
388174.2188 927461.5703
387835.6451 925406.7418
387571.6964 923804.8173
386615.6806 920732.6126
386731.8305 919202.7832
388565.5184 917789.7603
389554.7445 916428.8184
391581.5018 916831.1286
393503.9402 916290.7586
395273.5279 915793.3528
396074.1454 914514.7605
396220.7721 912872.4195
395370.5263 911510.3663
395461.1187 910008.1229
397619.3109 909141.4156
399115.2375 908540.6672
400687.3714 908784.4141
401344.8496 908886.3509
402356.1212 907324.6485
402895.9192 906098.5391
403628.3430 904434.8949
404082.4892 902290.0634
405252.1741 902322.8571
406856.2665 902726.3581
409302.9661 903177.9704
411474.9271 903177.8599
411556.4176 904005.4558
411297.4274 906674.1186
410781.3755 907191.8516
410218.0607 907581.8427
408217.4561 908432.8947
407538.4180 908958.7607
408017.9580 910552.0175
410218.6574 911307.3333
410838.2674 913216.1911
409788.9879 913583.6294
406256.5633 913938.0662
404058.2194 914195.2384
402098.6965 914424.4722
401177.8920 914921.2921
402390.7280 916842.0406
404632.2871 918358.0264
405302.9841 919650.9352
404887.9203 920848.4369
403647.0867 922057.9777
405529.3896 924372.4522
405451.2699 925957.8982
406948.4504 927751.4274
405385.3590 929820.0125
403456.7508 929856.3978
401132.4753 927047.9526
399011.8238 924402.4893
398474.9314 923732.7285
396845.9441 922004.5219
395064.1827 921994.6787
393692.3995 922591.4927
393370.3749 926249.5143
394132.8517 927730.3652
396084.9697 929900.6121
394992.8167 931715.8993
393518.5342 932175.4335
392678.8200 933293.3104
391507.6544 934852.4349
391274.6599 936528.9707
391089.1851 938157.2300
390866.0712 940115.9171
388216.1245 938323.0285
386842.3290 937393.5522
385503.1476 937211.2437
383891.2667 938134.2925
381724.3352 938299.8942
378387.3762 937728.1142
376091.8121 938898.3806
375796.8500 940011.5731
375895.7619 940612.8042
376394.0209 943641.4493
376785.9810 945895.6921
375548.4056 946426.1701
373605.0427 946427.5987
372407.8015 945263.4030
371641.8679 944032.9735
370532.2061 942901.7740
368688.2564 939775.3600
368760.2980 938877.1615
370327.3956 937567.6247
370800.5147 936461.3236
371602.1505 934586.8474
371423.8555 933646.5726
373299.2661 933666.6290
374434.7492 933065.0190
374639.1452 931411.1572
374725.0304 930716.2207
375091.5673 927666.7626
373266.1924 926953.6289
372525.7213 927317.2205
371911.5204 927605.5109
370831.0142 928112.6733
370099.3739 928865.8963
366733.2691 930222.1432
366029.5546 928599.3537
364859.9369 925902.1758
363340.9890 925163.8137
361734.1178 921233.9537
360794.6023 921073.2920
360258.0297 922044.7573
359005.2816 924312.8593
355541.7735 922209.9952
354538.4390 923179.8561
352719.9941 924429.5505
350362.1347 926049.9481
349443.6539 922610.6639
349703.5854 919136.7455
349682.4152 917440.7729
349671.1255 916536.3467
352603.3327 915640.7638
354662.5927 916406.2480
357180.4509 916271.6957
357476.2801 915075.3699
358151.7895 911862.4575
359900.8756 911657.2791
361203.2284 912736.3015
363901.7490 914972.0739
366097.7911 915804.9164
368660.9979 918278.2364
371111.4678 920642.7728
373021.0976 918244.0150
371857.1038 915386.6406
371832.4749 914227.7662
374988.9231 913998.5580
375238.8816 911930.5173
371138.6161 908710.8608
367594.1375 905927.6256
365612.2131 906324.2387
362328.4006 907731.5918
359949.1090 905749.9177
359232.3213 904771.6101
359458.9556 903908.9643
360213.8102 903084.0608
362770.0281 901899.7224
365182.3347 900782.0606
366988.1444 899973.3196
368404.8869 899907.9811
369051.7346 898934.9412
369049.0810 895682.8983
368150.9517 895203.1851
365500.4199 895548.4332
363094.0223 895842.4792
361154.4157 894616.4896
359476.9818 895721.4192
358518.3900 896624.2363
358934.3341 897681.1996
358192.1041 898296.1929
356619.7171 899001.1150
354824.1426 898289.1709
352911.5782 898130.8219
350309.3134 898122.5773
350137.4712 899307.3141
353268.9329 902166.0327
354123.4428 903518.9768
354298.0206 904602.5917
354873.5024 905800.7061
354554.8482 907850.0513
351365.1352 908798.4720
351171.2070 910561.8877
349723.5858 910824.9836
347783.7746 911327.2390
345082.5652 908464.0313
345296.7436 907585.8168
346308.5066 906378.5654
347505.6646 904950.0979
345460.5845 901365.4585
343666.5059 901363.8050
341665.7933 903736.4542
341307.6696 902765.0204
340473.6059 900421.8170
339685.0885 898206.5704
341709.1814 894381.5480
344690.0015 892123.7079
345363.7726 890017.1942
343974.2625 888659.2598
342888.8210 886238.7163
343880.7971 885371.7344
345215.5054 884204.9431
346462.4454 882673.5964
346359.6388 881022.4311
346688.2915 878284.4062
343787.9220 876568.8944
340950.8074 874888.4785
339074.6946 873777.2616
339439.0672 872612.8239
343827.4729 871080.9102
344870.4877 870910.8845
345308.6823 871025.1464
347114.7111 871496.0795
347585.9716 873374.1217
348169.5796 873428.1938
349980.6404 872562.9451
352068.5093 871502.3054
354150.0106 870359.2894
353138.9135 869362.0006
351899.8386 868746.0182
353099.2515 865599.2524
350800.7137 864676.1435
347889.4295 864535.0618
345894.9510 864438.4088
344426.9374 864759.3033
341041.1001 865978.6586
340274.1845 867083.2767
337626.6289 868959.8314
335134.1223 869056.9815
332666.8286 869911.7198
332738.7521 869030.6661
332911.5727 867367.8646
333284.9756 863775.1501
335197.8466 864356.4777
335886.4318 863990.6411
336275.5344 861339.7425
336787.3821 857852.6000
338874.7590 859814.1144
340421.4545 861267.5489
341945.8947 860546.7918
343264.1639 859923.5126
345922.8900 858662.1398
346697.1552 858184.5517
345004.1727 857223.7131
343438.3581 856225.1793
342937.8221 854193.0192
342485.1022 852998.8131
343355.9852 851181.4188
345782.6274 851135.3164
346594.6560 850871.3208
348220.0607 849619.4952
350419.1044 850185.8002
350430.7240 852509.1846
350410.2561 854023.4187
351880.2721 854704.2105
351298.6360 856323.2549
352794.4861 857245.1859
353391.5245 859837.9619
354931.7810 860785.2750
356189.9889 861559.1180
357636.9284 862077.9907
360311.9569 859307.9282
361774.9479 858421.7990
363401.6782 859737.4608
364915.6593 858055.2174
366671.2283 856673.9579
368633.3961 855567.3286
370850.5637 855056.0223
372402.1884 855133.1361
371957.3954 859058.2114
372965.5451 860011.5777
373184.1749 861760.2842
370783.4210 862722.5270
368059.4909 863578.9833
367023.7022 863904.6553
367318.3685 867225.0683
365493.8750 866890.8602
363665.6543 866454.7857
362652.6212 866851.7149
361493.7645 867305.7811
361241.6974 868870.9374
361649.2832 870860.8422
362161.9071 872442.1434
365037.3913 872495.1322
366624.6535 872891.9828
366750.9845 875000.2369
366894.4604 877394.6127
364340.0222 878578.8072
363043.1153 881914.7402
361707.9323 883223.1126
361025.0200 882559.8895
360190.4001 879675.4367
359618.1969 877697.8975
356334.5313 877326.6445
353240.5063 878701.9686
354744.5586 882230.0834
354639.6988 883220.4473
353499.8559 884050.8041
352443.7133 885027.9140
352458.1813 886433.7867
352475.3646 888103.5165
353589.7748 891866.2743
354770.8300 892024.9727
356550.7320 891050.8902
357260.9337 889798.2415
358681.8790 889122.3438
360909.9503 888062.5222
361847.3184 888104.0399
362575.4274 889983.9850
365216.1702 889923.3201
366902.1851 889232.4369
367109.0589 884875.6313
368164.7577 885138.5945
370358.4404 885685.0173
372003.2855 883761.7769
372334.2372 882842.3413
372540.0451 881666.5163
372882.5256 879709.8514
376190.8217 878056.4393
376638.4733 876916.1296
373295.4582 875756.6233
372460.8983 874590.7051
373400.8819 872364.6371
373709.6163 870783.2127
374221.0515 867206.0130
375242.8253 866614.7145
377004.5492 866440.5650
378503.2883 869284.0269
379676.2800 868849.0197
382005.2119 868412.4730
382576.8275 867823.7420
384581.7441 865268.5988
386084.8603 866191.8884
387838.5594 868214.8577
389516.3167 870150.2247
392422.0948 872701.4586
394282.7400 872739.1371
394890.4177 874760.5579
394888.6002 876960.1008
394886.6787 879285.5232
396139.4632 880286.8590
397138.2486 881085.1764
398666.5302 880155.1322
399153.8031 879317.3200
399220.1494 878562.0135
399275.4027 877666.9289
399350.0962 876456.9184
399406.9175 875054.4929
400940.6358 872915.5426
400956.3356 872247.1052
399488.9482 871566.6173
400169.7673 870074.8436
399346.0487 868680.5136
398324.8730 867966.0561
398199.5495 867152.1977
396674.7350 866647.8801
396793.1412 864249.9927
395513.6863 862797.1752
392642.2985 865637.6252
389980.0025 863636.1011
388512.3520 862532.7159
388999.0466 859493.2680
391080.3176 858820.5408
391042.9206 857840.8149
390287.2207 856745.9516
388630.2827 853792.6810
386960.2225 850816.0219
385730.6543 850385.5272
384506.1240 852241.7714
383860.0531 853221.1388
382218.6092 856481.2614
383443.0961 858001.8427
383364.7744 859345.6161
382328.2131 861086.8516
379746.3954 861075.4871
379146.9017 858326.1060
378349.4467 857390.0147
377359.4166 856227.8694
378389.6504 853960.3568
377672.2275 852842.9816
378395.1009 849268.3159
376990.8190 846623.4045
375964.2602 844689.9201
377488.2642 844947.1945
381052.1601 846976.7075
381912.2249 843135.8281
381718.1809 841702.0465
380115.2538 839814.2737
378615.4635 838047.9654
376569.5643 838276.3310
374149.4633 838532.5755
371308.0888 838833.4252
368760.6602 838592.4450
368071.4472 840322.0057
367445.2475 841893.8864
366615.7212 843976.1554
369946.2405 847180.4820
369167.6709 849451.4247
366583.6453 850155.3756
364477.9341 850729.0220
362865.0365 852031.3153
361644.5853 853016.7376
358416.0673 852903.3871
357815.2189 851364.3543
356358.2555 850186.8794
356902.9158 848860.6607
357623.7940 847698.5249
359378.0747 844870.4292
359849.2125 843251.6952
361407.1936 841427.1790
362150.8489 840110.0877
362677.7884 836419.6726
361115.8226 834668.5270
359549.1987 833874.1600
358221.8268 834511.0834
357742.8150 838480.1875
356488.2755 840739.4694
355645.3389 842257.5017
354642.1401 843340.8583
353816.0469 844232.9583
352635.6462 845507.6757
350366.8480 842234.6130
350685.5457 840127.8982
351108.3742 838380.0369
351348.2394 837391.3813
350609.2498 834820.9746
352457.7683 833716.4419
352494.2108 832319.0280
353393.7439 828623.3685
354214.0363 825636.6128
355791.7594 825991.3305
357885.5788 826581.2954
358153.5010 823379.1995
358253.6714 822182.0043
358388.2406 821105.3943
361988.6772 818673.0594
363389.3643 819520.9721
363972.0240 821705.9057
363621.7431 822599.9173
363212.5275 823644.3459
364379.5116 825894.3650
363561.3855 827789.6732
363695.2497 828715.9968
364195.1767 830764.9617
366868.8559 831227.0293
369077.0791 831620.9788
370546.0636 831018.5604
372585.9103 830501.3698
375793.3851 829688.1344
376176.1653 828427.0163
374597.4094 827179.4326
370649.3771 826671.4887
371056.0253 823772.3607
371140.1699 822139.8132
370386.0315 821492.8319
369241.9191 819715.1732
368281.5012 818303.0623
369313.5587 816816.3724
370266.0644 815444.2776
372278.6734 814180.7140
373213.0338 814172.8437
374170.3912 814920.8375
374785.6315 815988.5727
375490.6579 817126.7255
376639.8015 818984.7096
378180.7293 821476.1468
378498.7842 821729.3342
379627.7256 822628.0273
381373.7389 824046.8430
382932.1665 824345.2394
384180.4817 821823.3173
384181.5318 819657.9370
382642.4230 817866.7949
382950.9421 816128.5674
383223.2173 814594.5416
381486.5669 814304.4084
378788.8797 812099.4492
381011.9047 810851.5391
382911.5773 809785.1450
382852.1011 807147.9054
378130.5654 807458.0469
377872.7697 805842.3568
379105.4522 803607.4043
380296.8585 801447.2886
376534.0989 799300.9016
374844.4144 798753.7095
373268.7954 798394.9377
371589.5535 797741.8758
371346.5275 795372.6822
370223.8825 794337.8618
372550.3599 792185.7161
373708.2309 790250.7347
375216.4266 791370.2264
376827.6590 792566.1994
377562.3629 792462.9449
379683.2764 792164.8739
381104.6939 790412.8064
382428.7303 788365.7632
382744.5062 787723.3087
381995.7768 785816.3489
384116.2710 786062.1077
386564.9529 786595.2928
389692.3665 789255.2427
393184.5557 788721.3822
395118.0188 789115.6289
397518.5188 789052.2907
398120.4128 791166.6661
396925.1146 792291.9359
394100.8641 795052.1589
393297.3199 795837.4863
392963.7598 796833.8424
393884.9277 798762.5445
394381.6263 799802.5110
394822.0193 800814.1764
394942.3312 801469.8855
393404.7002 801769.1737
391990.0339 802044.5277
389341.8464 800467.6996
388701.1632 801143.4273
388662.7638 804656.1918
388633.7966 807306.0975
389085.4575 811818.8890
390587.9940 811953.2920
392499.5880 811061.8578
393698.5381 809632.4076
396394.3363 810266.0890
398734.1624 811646.3301
396609.6891 814526.3026
395505.5451 816023.0991
395168.7415 817122.2660
393684.8652 817438.0687
393239.7876 817532.7914
389475.2970 818637.3849
390076.2655 821736.2319
390373.9392 822578.6921
